id	imie	nazwisko	id_uczelni	id_miasta	rok_studiow	dochod
1	Jadwiga	Baranowska	5	89	I	2382
2	Zofia	Chorzowska	1	148	II	1549
3	Katarzyna	Bilska	5	104	I	3037
4	Michal	Rada	3	45	II	1712
5	Pawel	Milek	2	82	IV	1459
6	Marcin	Biernat	3	80	I	931
7	Gracja	Bijakowska	2	152	V	1482
8	Wojciech	Zaluski	3	63	II	2141
9	Martyn	Kowalski	5	115	V	2713
10	Jolanta	Ochala	5	157	V	3332
11	Przemyslaw	Planeta	1	7	V	444
12	Barbara	Michalska	3	156	I	2368
13	Kamil	Berakacz	2	87	I	1765
14	Teresa	Kuc	5	61	II	2602
15	Matylda	Zielinska	9	201	I	2949
16	Wieslawa	Babiarz	5	134	II	1576
17	Natalia	Barton	10	169	I	409
18	Alojzy	Wolak	9	157	IV	1767
19	Daniel	Lisiecki	5	179	I	1867
20	Adam	Bzinkowski	3	158	I	782
21	Andrzej	Tokarski	5	139	I	2580
22	Gabriela	Kolska	5	120	I	1111
23	Bogumila	Kolodziej	5	124	II	630
24	Augustyna	Swierkowska	9	154	IV	1489
25	Tomasz	Tutaj	2	22	II	3079
26	Sylwester	Jarecki	6	159	IV	3222
27	Antoni	Banakiewicz	3	201	I	1003
28	Piotr	Skiba	3	100	III	2917
29	Lidia	Kazdron	3	206	III	2646
30	Karol	Krol	7	16	I	365
31	Beata	Kotlarska	3	170	I	1638
32	Jan	Tyranowski	5	71	III	3333
33	Celina	Koral	3	42	V	1242
34	Jacek	Witebski	5	26	I	1168
35	Karol	Kedzierski	3	108	III	1374
36	Bartosz	Samek	2	82	I	543
37	Natalia	Goral	3	120	I	1947
38	Janusz	Figielski	5	188	I	2223
39	Henryk	Klosinski	6	151	I	1611
40	Krzysztof	Dyszy	4	157	I	2898
41	Barbara	Szelest	5	120	I	1666
42	Monika	Chojecka	5	81	I	2124
43	Elzbieta	Jandura	5	125	V	1552
44	Roman	Aron	5	33	I	997
45	Joanna	Lodziarz	5	99	I	602
46	Martyna	Bobrowska	3	54	III	1263
47	Dominik	Zagajewski	2	169	V	448
48	Marianna	Lyszkowska	3	187	I	2334
49	Anna	Tabor	2	26	I	1777
50	Marek	Frymarkiewicz	2	200	I	1712
51	Gerard	Graczynski	7	155	I	1573
52	Stefan	Skoczkowski	5	169	II	2279
53	Gabriela	Kawka	9	6	II	2273
54	Klementyna	Bobkowicz	5	214	III	3056
55	Artur	Bartoszewicz	9	166	I	2177
56	Michal	Grzesiak	2	208	V	2239
57	Ewelina	Korpet	5	193	V	2204
58	Radomila	Bojka	9	99	III	1403
59	Maciej	Drozdzik	2	179	V	1142
60	Jerzy	Przybylski	9	182	I	979
61	Hanna	Baron	3	59	I	2509
62	Teresa	Bajerska	9	191	II	3010
63	Danuta	Bednar	3	219	I	1933
64	Boguslawa	Keta	3	7	II	3013
65	Beata	Grabowska	2	128	V	2838
66	Stefania	Zakrzewska	2	172	II	420
67	Anna	Barcikowska	2	102	I	3099
68	Tadeusz	Holski	3	170	II	1945
69	Aleksandra	Drabicka	5	25	I	2163
70	Igor	Krynicki	2	154	I	1248
71	Boleslaw	Ludziejewski	2	124	I	2979
72	Danuta	Wojciechowska	5	7	V	1298
73	Katarzyna	Kausek	7	171	I	847
74	Maria	Swoboda	3	98	I	1032
75	Witold	Basik	2	30	II	2428
76	Brygida	Mika	3	184	IV	562
77	Mariola	Barszczon	7	134	I	2664
78	Karina	Wozniak	2	11	V	2485
79	Michal	Kostrzewa	2	71	III	2267
80	Artur	Duszczyk	2	214	I	715
81	Nikodem	Nowicki	9	63	V	1703
82	Jadwiga	Borek	5	122	V	1634
83	Jaroslaw	Firek	8	59	IV	2697
84	Grzegorz	Podsiadly	9	182	I	1454
85	Wawrzyniec	Kalinowski	5	128	V	875
86	Boleslaw	Drozdz	5	142	I	1233
87	Korneliusz	Gajos	3	135	II	1517
88	Agnieszka	Muszynska	5	28	I	795
89	Alicja	Bankowska	5	182	I	2913
90	Barbara	Boronowska	1	75	I	874
91	Ireneusz	Pazdziernik	3	85	II	2759
92	Maciej	Golec	2	52	II	1906
93	Maciej	Slomczynski	5	124	I	710
94	Tymon	Czarna	3	118	IV	1051
95	Janina	Lina	2	152	I	2968
96	Kaja	Kalwas	5	123	II	1600
97	Anna	Pulka	5	61	I	1600
98	Waclawa	Kasperek	2	49	II	2710
99	Cezary	Karpowicz	2	128	I	2993
100	Malgorzata	Balcerzak	2	62	I	748
101	Kacper	Wosik	2	87	I	2343
102	Stefan	Biegajski	2	11	II	1837
103	Tomasz	Jasak	5	146	III	923
104	Witold	Barylkiewicz	4	152	II	632
105	Michal	Bilski	2	73	II	2807
106	Kazimierz	Sycowski	8	124	I	2331
107	Marcin	Bacz	7	47	I	2973
108	Jolanta	Czubacka	2	134	I	2385
109	Andrzej	Jurkowski	2	179	IV	1487
110	Ireneusz	Alotek	2	120	I	3140
111	Janusz	Judycki	4	90	I	1361
112	Grazyna	Pawlowska	3	52	V	2799
113	Adam	Sliz	3	140	I	1077
114	Damian	Bawicz	3	72	I	1161
115	Bronislawa	Wegrzyn	3	153	IV	2404
116	Jaromir	Gonczyk	2	153	III	2523
117	Amadeusz	Toborek	3	66	II	2469
118	Jakub	Socha	8	75	I	2025
119	Katarzyna	Dwornik	2	163	I	2745
120	Celina	Wisniewska	2	186	I	822
121	Konstancja	Raszyn	2	46	II	2946
122	Edyta	Tomczyk	5	31	II	2384
123	Jerzy	Semeniuk	3	210	I	1482
124	Helena	Maczynska	5	118	I	2171
125	Jaroslaw	Bajda	2	77	I	1182
126	Klemens	Rokosz	3	22	I	667
127	Jakub	Wtorek	3	21	V	3263
128	Adrianna	Brzezinska	3	169	III	2913
129	Karol	Binski	3	194	I	2497
130	Iwona	Nyska	5	71	I	2169
131	Cecylia	Czylok	5	73	I	828
132	Mateusz	Antoniak	3	18	I	2699
133	Adam	Kaleta	5	120	I	1446
134	Michal	Salacinski	2	103	II	1608
135	Krzysztof	Krzesinski	8	72	I	2586
136	Zofia	Gorajska	3	129	II	2428
137	Janusz	Aleksandrowicz	2	40	I	2701
138	Danuta	Zasada	2	123	I	525
139	Aleksander	Rutkowski	2	211	IV	560
140	Karina	Mikolajczak	2	90	I	642
141	Aleksy	Pobereznik	2	61	III	3152
142	Beata	Domnicz	3	36	V	3177
143	Juliusz	Blazowski	2	14	IV	3144
144	Kacper	Stachowicz	5	172	II	775
145	Paulina	Lewinska	5	146	I	714
146	Krzysztof	Wroblewski	2	139	I	919
147	Jan	Bieniek	5	155	I	805
148	Magdalena	Wawrzyn	2	99	I	1189
149	Marek	Bakucha	1	179	I	3313
150	Teofil	Chudy	2	115	II	2530
151	Krzysztof	Rosiewicz	3	128	I	680
152	Mikolaj	Jozwiak	3	42	I	1880
153	Olga	Berus	2	62	I	2791
154	Halina	Haczyk	5	147	V	3243
155	Sebastian	Lewandowski	4	169	II	1434
156	Barbara	Kotwicka	5	107	V	2308
157	Jerzy	Bolkowicz	3	157	I	2451
158	Michal	Wojciechowski	2	180	V	2423
159	Inga	Barskacz	2	166	I	2848
160	Jerzy	Lubec	2	166	I	1599
161	Malgorzata	Szulim	2	32	I	1899
162	Marcin	Hebda	2	151	I	2725
163	Andrzej	Wieczorek	3	159	III	2555
164	Jan	Babul	5	219	I	2720
165	Kinga	Myszograj	3	147	IV	2155
166	Grazyna	Chrust	2	26	I	792
167	Dorota	Pietrowicz	2	194	I	1071
168	Hanna	Wrona	2	178	V	1493
169	Janusz	Wysocki	8	21	I	1191
170	Adam	Baryla	3	24	I	1347
171	Szymon	Duda	5	209	I	1160
172	Anna	Bialowas	7	178	I	1544
173	Grzegorz	Szlachcic	3	129	II	2675
174	Kuba	Hauser	2	120	IV	2481
175	Dariusz	Adamus	2	29	I	813
176	Franciszek	Bielanski	3	128	IV	3125
177	Adam	Konopka	5	157	V	1489
178	Monika	Lawrynowicz	5	124	I	2835
179	Kacper	Fastnacht	2	182	I	998
180	Roman	Persinski	2	43	II	1431
181	Piotr	Kuter	5	169	I	738
182	Wojciech	Kujdowicz	5	97	V	2637
183	Angelika	Merak	3	219	II	415
184	Anna	Owsianka	2	105	III	429
185	Walery	Szurkowski	7	15	IV	352
186	Karol	Kopycki	5	21	I	794
187	Franciszek	Szombierski	1	207	III	698
188	Ewelia	Michaliska	2	211	I	2309
189	Kacper	Slawinski	8	73	III	1901
190	Ewelina	Hassan	5	76	V	2767
191	Arkadiusz	Godowski	5	10	II	1845
192	Tymon	Czarnecki	3	113	II	2025
193	Alina	Batorek	8	147	I	1309
194	Michal	Prazuch	2	75	V	2534
195	Czeslaw	Kos	9	128	I	1980
196	Jan	Sikorski	2	170	I	2217
197	Teresa	Polaska	2	197	II	2771
198	Damian	Kulesza	5	151	I	2883
199	Robert	Chochol	5	76	II	1680
200	Anna	ocon	3	121	III	3019
201	Maria	Wolczynska	5	171	I	1862
202	Piotr	Bros	5	115	V	2849
203	Arkadiusz	Bracki	4	73	V	2665
204	Krzysztof	Checinski	3	17	I	2484
205	Wiktor	Gorecki	3	149	II	3274
206	Malgorzata	Stojecka	1	7	I	2932
207	Karolina	Anuszewska	3	207	I	1973
208	Janusz	Chmielowski	9	157	I	2349
209	Zofia	Bujak	8	128	II	2484
210	Marek	Lichwa	2	53	V	2321
211	Bozena	Symanska	9	214	III	873
212	Zofia	Cedrowska	5	66	II	805
213	Beata	Kowalczyk	2	7	V	2191
214	Bartlomiej	Stec	5	11	I	1453
215	Katarzyna	Schmidt	2	120	IV	2151
216	Stefania	Stolowska	3	86	II	2867
217	Adam	Rabka	5	153	I	510
218	Maciej	Mijak	8	71	V	2408
219	Piotr	Swiezy	5	120	II	558
220	Adrianna	Gorska	2	20	IV	719
221	Beata	Mikolajczyk	6	135	I	2862
222	Maciej	Buzek	5	95	V	1311
223	Katarzyna	Sokolowska	5	211	III	2656
224	Jerzy	Kielski	5	217	I	1258
225	Roman	Dusza	3	21	V	838
226	Agnieszka	Korandy	4	184	I	3222
227	Joanna	Dymna	9	21	I	2137
228	Urszula	Legnicka	2	168	II	468
229	Krystyna	Sekocinska	5	187	I	979
230	Aureliusz	Dabrowski 	2	184	II	2910
231	Jerzy	Bargiel	2	154	I	898
232	Tomasz	Broniarz	2	168	III	1123
233	Lucyna	Sokolowska	5	74	I	2980
234	Luiza	Pawlak	3	217	II	1904
235	Weronika	Stroka	3	156	II	2180
236	Walenty	Kaczor	9	201	II	520
237	Szymon	Figurski	5	191	II	1496
238	Jadwiga	Grobelny	3	217	III	2635
239	Piotr	Nowicki	2	45	IV	1121
240	Franciszek	Bebenek	5	191	I	2572
241	Anna	Trzebnicka	1	129	I	1151
242	Adam	Witczak	5	7	III	735
243	Natalia	Chlopecka	3	140	I	2101
244	Jacek	Andrzejewski	5	156	III	2241
245	Agnieszka	Malbolrska	3	22	I	2814
246	Karolina	Rosiak	5	43	I	1417
247	Aneta	Klucha	5	28	I	1165
248	Bartosz	Adamiec	3	82	I	2668
249	Piotr	Garncarz	5	15	III	863
250	Kamil	Dabrowski	2	21	I	749
251	Marek	Majchrowicz	3	104	I	2405
252	Olgierd	Dudzinski	5	143	I	3136
253	Anna	Sawiciak	4	207	I	2285
254	Paulina	Raszczyk	5	31	I	2678
255	Fryderyka	Slowik	2	215	IV	438
256	Mieszko	Cisna	5	169	II	3313
257	Janusz	Waz	4	184	I	2917
258	Wojciech	Bugaj	2	156	I	2657
259	Marcin	Slomczynski	5	170	II	1869
260	Franciszek	Laczynski	5	194	V	2881
261	Korneliusz	Adamecki	10	172	III	1726
262	Wawrzyniec	Kozina	2	39	I	2700
263	Pawel	Wojcicki	5	154	V	1981
264	Klemens	Radzik	5	103	II	672
265	Karol	Mazurowski	5	206	IV	719
266	Krzysztof	Antczak	4	42	I	2472
267	Jerzy	Orowski	3	201	III	796
268	Alicja	Kobus	2	154	I	2409
269	Adam	Michalak	7	170	I	1259
270	Norbert	Boronski	2	194	I	1317
271	Seweryn	Wawa	2	84	IV	1309
272	Renata	Kaluza	8	94	II	2790
273	Ewa	Berak	5	46	I	2110
274	Marcin	Bajdak	3	186	I	2485
275	Iwona	Wegier	2	214	I	1344
276	Franciszek	Kusch	7	31	V	1802
277	Lukasz	Klos	5	114	III	2482
278	Karolina	Weiss	2	97	I	871
279	Tadeusz	Regulski	2	50	I	1075
280	Beata	Jasinska	8	161	I	968
281	Aleksander	Ogonowski	8	82	I	1229
282	Eleonora	Kosa	2	159	I	455
283	Adrian	Baka	2	156	I	3195
284	Czeslawa	Bochenek	3	127	I	1883
285	Tomasz	Leganowski	3	11	IV	2018
286	Sebastian	Adalewski	1	19	II	2821
287	Bronislawa	Chmielewska	8	44	IV	2931
288	Daria	Dyrbusz	5	2	I	1779
289	Olga	Gonerska	5	99	I	1990
290	Radoslaw	Niedziela	3	151	II	2283
291	Arkadiusz	Sokolowski	3	18	I	1964
292	Zofia	Bylska	1	36	II	1822
293	Slawomir	Rojek	5	141	III	1093
294	Robert	Pilski	2	156	II	1756
295	Janina	Bernacik	4	71	I	2356
296	Mateusz	Swierszczynski	8	193	V	3080
297	Tomasz	Wan	5	12	II	1258
298	Alicja	Miskowiec	2	82	V	2730
299	Piotr	Piwnik	3	71	I	1592
300	Jan	Bator	3	71	I	2738
301	Eleonora	Mrowka	2	94	I	2064
302	Andrzej	Beki	3	192	I	465
303	Boleslawa	Kucharska	5	43	V	1291
304	Wojciech	Fujarewicz	2	210	II	2125
305	Iwona	Grzybek	3	21	I	787
306	Maria	Zwojec	5	169	I	2155
307	Mateusz	Kandora	5	7	I	3218
308	Daniel	Barszcz	5	159	I	2273
309	Teresa	Grudzinska	5	182	II	1283
310	Franciszka	Nowicka	5	18	II	1863
311	Karolina	Bajerowicz	5	122	I	1965
312	Barbara	Wszedobyl	7	19	I	1182
313	Izolda	Jaros	2	58	I	2207
314	Grazyna	Gorska	3	218	V	1453
315	Piotr	Kacprzak	5	11	I	983
316	Grzegorz	Balon	2	211	III	917
317	Zdzislawa	Modrzewska	3	117	III	2124
318	Aleksander	Biborski	2	26	III	3254
319	Dominik	Felinski	2	128	V	2842
320	Arkadiusz	Maciejewski	2	213	IV	1879
321	Milosz	Ostrowski	5	100	I	978
322	Marzena	Skrzypek	9	106	V	2409
323	Tomasz	Krawczyk	2	159	II	1655
324	Andrzej	Knot	7	60	I	356
325	Mateusz	Buczek	3	134	I	2275
326	Piotr	Tyborowski	5	71	III	2325
327	Klaudia	Kotowicz	2	71	I	1950
328	Mateusz	Bartoszewski	2	115	I	2149
329	Michal	Antkowicz	5	43	I	2265
330	Barbara	Bakan	2	153	I	1218
331	Grzegorz	Styczen	3	177	III	931
332	Agata	Babulak	3	105	I	2170
333	Ewelina	Kocharyan	2	217	I	1118
334	Barbara	Solska	9	155	I	678
335	Dominik	Kondratowicz	5	147	V	2209
336	Kacper	Wozniak	7	103	V	1897
337	Jagna	Meller	2	82	V	3247
338	Gabriela	Mroz	5	161	I	1033
339	Mateusz	Bernacki	5	208	III	846
340	Anna	Cender	7	111	I	2190
341	Ewa	Seweryn	5	152	I	1206
342	Roza	Biernaczyk	3	157	IV	378
343	Andrzej	Pyza	3	123	I	788
344	Henryk	Mordyan	2	184	I	1126
345	Oskar	Szanca	3	152	I	2257
346	Jakub	Kucharski	3	175	III	2144
347	Jan	Krzyzewski	8	128	II	1379
348	Jan	Dziekan	3	161	I	2815
349	Zofia	Kajzer	8	32	II	905
350	Iwona	Pawlowska	4	103	III	2942
351	Oktawian	Kadej	1	127	I	2668
352	Jadwiga	Beben	2	94	V	2998
353	Katarzyna	Czader	3	123	I	353
354	Zuzanna	Rutkowska	2	157	I	2320
355	Franciszek	Mikulski	2	206	II	598
356	Aleksander	Chinski	2	208	I	3251
357	Bartlomiej	Kardys	5	57	I	1646
358	Katarzyna	Pakulska	5	62	I	767
359	Jakub	Piotrowski	2	192	III	513
360	Irena	Fudecka	2	138	I	3215
361	Krzysztof	Lis	2	43	I	2032
362	Grazyna	Chojacka	2	128	I	2543
363	Kamil	Tokarz	8	177	V	880
364	Agnieszka	Nawrot	2	146	I	1142
365	Ewa	Chiluta	3	124	I	1924
366	Joanna	Chodyra	3	82	I	3225
367	Jacek	Winogrodzki	2	127	I	1004
368	Karol	Anarchista	2	28	II	2716
369	Walery	Latka	2	141	V	1126
370	Jaroslaw	Sierpien	2	185	III	831
371	Kaja	Karnawal	2	77	IV	2377
372	Andrzej	Smietanka	5	178	I	1447
373	Eustachy	Banaszek	5	161	I	2407
374	Barbara	Marczak	2	169	I	1566
375	Jaroslaw	Kata	4	103	I	2437
376	Urszula	Wawrzynczyk	2	71	II	856
377	Anita	Wiwatowicz	2	151	I	399
378	Weronika	Zawadzka	5	23	I	1859
379	Wioletta	Kucharska	3	3	II	1209
380	Piotr	Banalow	9	213	I	1025
381	Anna	Kaczmarek	2	187	III	2076
382	Ewelina	Ewertowska	2	149	I	2601
383	Slawomira	Czerwiec	5	20	V	2207
384	Ewa	Skrzeliczka	9	169	I	2312
385	Martyna	Piotrkowska	5	121	I	1137
386	Tomasz	Nawrot	2	98	II	383
387	Kamil	Kildarewicz	5	188	I	1834
388	Wlodzimierz	Komik	2	153	III	1032
389	Bartlomiej	Wrzesien	5	182	IV	2639
390	Emilia	Katanak	2	43	I	1422
391	Bartosz	Pawlowski	2	212	I	1150
392	Krzysztof	Nisiewicz	5	126	I	1280
393	Barbara	Mianowska	2	169	I	486
394	Adam	Loziczonek	2	94	II	2100
395	Karol	Antonowicz	2	160	I	654
396	Anna	Klemczak	2	151	I	1814
397	Mieczyslawa	Szymczyk	2	192	I	1136
398	Karol	Zalewski	2	98	I	2978
399	Seweryna	Kotek	2	11	II	949
400	Jowita	Adamska	2	37	IV	1771
401	Tomasz	Niczyj	3	122	V	3295
402	Maja	Mazurkiewicz	3	56	I	511
403	Alicja	Fedoruk	3	159	I	2482
404	Jan	Ciebiera	2	71	I	2898
405	Urszula	Sielecka	5	13	II	435
406	Ewelina	Katowicka	2	22	I	2357
407	Kinga	Wronska	2	102	II	3271
408	Ewa	Gruszczynska	10	129	I	3337
409	Jan	Urbanski	10	26	I	2124
410	Leslaw	Pawlica	3	178	I	3258
411	Barbara	Przybylek	9	57	III	2187
412	Roza	Szklarczyk	2	150	II	2605
413	Anastazja	Gruzin	2	73	V	983
414	Dawid	Trzebiatowski	2	145	I	2037
415	Roman	Hajtowicz	5	121	III	751
416	Ewelia	Kolanko	5	28	I	3336
417	Mateusz	Majewski	2	43	II	2270
418	Jaroslaw	Krema	2	21	V	1777
419	Lucyna	Arabas	3	213	I	1000
420	Mateusz	Orlicki	2	73	I	2467
421	Sebastian	Alot	2	133	II	634
422	Jadwiga	Bober	9	122	IV	3025
423	Gracja	Kozlowska	5	100	I	3330
424	Tomasz	Bronikowski	2	83	I	1304
425	Andrzej	Latacki	5	138	II	1518
426	Kamil	Babula	2	157	I	1058
427	Czeslaw	Augustyneczek	3	192	I	524
428	Anna	Hebda	2	208	V	1070
429	Bartosz	Bonkowski	2	182	I	983
430	Jozefa	Wysocka	2	208	II	2497
431	Justyna	Firlej	8	144	I	1919
432	Jadwiga	Wawer	5	170	II	2672
433	Michal	Klimisz	2	186	III	3092
434	Agnieszka	Bartkowiak	2	214	I	3034
435	Ryszard	Siennicki	4	206	II	2978
436	Marta	Gilowska	2	59	I	1572
437	Honorata	Caban	2	80	II	689
438	Franciszek	Szybinski	3	103	V	1776
439	Emila	Nikiel	5	154	I	1849
440	Jan	Jasinski	3	180	I	962
441	Halina	Lakomska	5	16	I	863
442	Teofil	Wina	3	158	IV	1963
443	Teresa	Krzesaj	2	161	II	2126
444	Karol	Mroczek	2	62	V	2947
445	Jagna	Urban	3	130	I	1098
446	Szymon	Maron	3	115	IV	2372
447	Lucjusz	Tokarczyk	2	114	II	985
448	Krzysztof	Badura	4	115	I	637
449	Konstanty	Banasikowski	2	2	I	2568
450	Krzysztof	Lipinski	6	122	I	2635
451	Anna	Dworecka	3	196	I	2106
452	Kinga	Celeborska	2	48	I	940
453	Mateusz	Bednarek	2	96	I	507
454	Stanislaw	Anczewski	2	182	II	2305
455	Szymon	Wawron	5	71	II	3312
456	Danuta	Banaszczykiewicz	2	128	I	2423
457	Tymon	Abacki	4	73	III	963
458	Ewelina	Blada	2	187	IV	1961
459	Wieslawa	Bedynska	5	82	II	593
460	Bartosz	Dudek	2	180	IV	2948
461	Tomasz	Kaczmarek	4	205	I	1140
462	Aleksander	Adamczyk	8	116	V	1260
463	Kinga	Kawka	5	129	I	2512
464	Morfeusz	Grodecki	1	20	I	1713
465	Jerzy	Bodnarczyk	2	136	I	3260
466	Paulina	Dykiel	2	60	I	1995
467	Adam	Bednarczyk	2	87	I	1303
468	Barbara	Olszewska	5	3	IV	1528
469	Wieslawa	Barcisz	3	134	II	1278
470	Pawel	Kowal	5	194	V	3125
471	Monika	Rybicka	4	73	I	1111
472	Adam	Grabczak	8	100	IV	1116
473	Jan	Kozak	7	38	III	3021
474	Wiera	Augustowska	2	77	II	872
475	Lew	Wiejski	1	71	I	1787
476	Boguslawa	Sobota	2	161	II	2866
477	Miroslaw	Chochowski	1	184	I	2625
478	Halina	Kuchar	3	71	I	859
479	Zbigniew	Zajac	5	194	V	1589
480	Edyta	Klan	3	169	V	1683
481	Celina	Krotoszyn	5	7	III	3139
482	Katarzyna	Skutnik	2	160	I	3124
483	Krzysztof	But	3	157	IV	2273
484	Bartosz	Zalecki	2	18	I	1127
485	Irena	Tarnowska	7	174	I	2158
486	Piotr	Murarz	3	125	III	2893
487	Justyna	Biegaj	3	183	I	1770
488	Bohdan	Mrozowski	2	140	I	2851
489	Karina	Kwiatkowska	2	8	IV	2751
490	Katarzyna	Kruczek	2	188	I	2107
491	Anna	Barska	2	128	II	1047
492	Marek	Piec	5	90	V	3259
493	Marek	Grzeszczak	5	115	I	508
494	Leslaw	Bak	3	193	I	2799
495	Franciszka	Czemisow	2	46	II	456
496	Michal	Sawicki	2	129	II	451
497	Sabina	Balcerek	5	59	II	1840
498	Aleksandra	Cichawacz	3	181	I	3169
499	Kinga	Mlynarczyk	5	169	II	2543
500	Witold	Kupis	5	166	II	1760
501	Janusz	Bokowski	7	11	I	2891
502	Elzbieta	Jaworska	1	45	II	804
503	Marzena	Por	5	154	II	2715
504	Beata	Wittek	2	184	V	1008
505	Wojciech	Rydawski	3	196	II	2711
506	Nikodem	Dyzma	2	155	II	3079
507	Wanda	Szalobryt	3	11	II	701
508	Andrzej	Okon	3	179	III	1556
509	Anita	Chalbinska	2	202	I	1772
510	Agnieszka	Badowska	3	124	I	1372
511	Tomasz	Kajdasiewicz	2	26	III	1486
512	Piotr	Januszewski	3	146	I	1613
513	Edyta	Styczen	5	17	V	3105
514	Iwona	Andrzejewska	5	156	I	2241
515	Danuta	Kapusta	2	121	I	2708
516	Ruta	Sawa	5	120	II	2726
517	Izabella	Cieslak	4	173	I	1100
518	Tadeusz	Krason	2	117	IV	1894
519	Marcin	Gorgon	3	149	V	2681
520	Witold	Halama	5	50	II	1557
521	Teresa	Gryglak	2	100	II	3117
522	Jolanta	Turlej	2	38	V	3344
523	Kamil	Gruca	5	70	I	3300
524	Daniel	Filipek	2	71	I	2302
525	Beata	Dabrowska	2	71	II	2576
526	Krzysztof	Cebula	5	129	I	3155
527	Anna	Horbacz	3	21	I	1079
528	Krzysztof	Barski	5	128	I	1047
529	Wanda	Pacula	8	71	II	2350
530	Ewa	Barwicka	5	123	I	600
531	Katarzyna	Bartecka	3	21	I	350
532	Natalia	Pypno	2	153	I	1139
533	Maciej	Knapik	2	56	IV	1056
534	Katarzyna	Ochocka	5	163	I	750
535	Agnieszka	Otwocka	2	152	I	3176
536	Bozena	Chmielewska	2	56	II	1835
537	Maria	Krasiczynska	5	184	I	1623
538	Katarzyna	Budziak	5	124	II	1153
539	Adam	Gumowski	2	213	I	3059
540	Alina	Charemska	2	120	I	1847
541	Zbigniew	Jaworski	5	120	III	3238
542	Marcin	Grabysz	9	11	I	2125
543	Jan	Chylak	2	43	I	1224
544	Grzegorz	Sokolowski	3	148	III	606
545	Anna	Smela	2	170	I	1375
546	Maria	Kolka	8	170	II	790
547	Krzysztof	Groza	3	171	I	2014
548	Katarzyna	Friedek	3	201	I	898
549	Piotr	Szczerek	5	154	III	2896
550	Edward	Bebanek	5	11	I	1580
551	Grzegorz	Kinski	2	120	I	3000
552	Patryk	Brylok	2	174	I	3007
553	Ewa	Oszczudlowska	4	146	I	1141
554	Irma	Iwasiow	3	155	I	1201
555	Tomasz	Muc	8	25	IV	1243
556	Piotr	Cholewa	7	53	II	2318
557	Antoni	Chmielacz	8	171	I	2952
558	Agnieszka	Witas	3	117	V	1914
559	Andrzej	Baran	2	205	I	1390
560	Feliks	Bawarski	5	71	I	433
561	Kinga	Matuszyk	3	210	I	562
562	Grzegorz	Borutawski	3	124	I	2859
563	Wiktor	Basajski	3	156	II	920
564	Sylwester	Jasinski	2	179	III	1216
565	Zofia	Ciechowska	5	179	II	2652
566	Adam	Bialczak	2	178	I	1676
567	Filip	Baczek	1	192	I	459
568	Felicja	Latas	5	120	II	592
569	Aleksy	Dudek	7	192	II	2544
570	Krzysztof	Chorzyk	2	100	I	1037
571	Krzysztof	Kryszkiewicz	5	56	III	390
572	Robert	Zielinski	3	124	V	2538
573	Zachariasz	Msciwujewski	5	218	II	3044
574	Jakub	Dukowski	5	21	I	2983
575	Anastazja	Litwin	8	124	I	889
576	Tomasz	Gronus	5	187	V	389
577	Zofia	Adamowicz	5	77	II	439
578	Wislaw	Kowalski	2	153	II	3208
579	Konstantyn	Piatek	5	97	I	350
580	Paulina	Uszek	3	31	I	1937
581	Andrzej	Kuras	1	81	V	838
582	Beata	Cagara	2	42	IV	1698
583	Barbara	Balwierz	5	91	V	2746
584	Anna	Antosiewicz	7	161	I	569
585	Sara	Koterba	5	214	I	1389
586	Miroslawa	Krasuska	3	121	III	3018
587	Patrycja	Kochanska	5	123	I	1111
588	Tomasz	Ichniowski	5	87	II	783
589	Stanislaw	Bialkowski	3	166	II	3244
590	Piotr	Kalicinski	5	115	III	1155
591	Roman	Banasik	8	159	I	2845
592	Michal	Zawadzki	3	154	I	1501
593	Klaudia	Janecka	1	63	I	1257
594	Danuta	Chyza	2	158	III	1787
595	Bartosz	Grzesik	5	125	I	725
596	Milosz	Michalski	2	71	II	493
597	Michal	Baja	4	20	I	2916
598	Marcin	Bielak	5	161	I	1164
599	Henryk	Chlopicki	5	115	I	951
600	Marcin	Jader	2	99	I	1074
601	Elzbieta	Sikora	2	122	IV	2468
602	Ewa	Barek	9	2	I	2880
603	Kinga	Kaszyca	2	213	I	1299
604	Piotr	Pszczola	4	120	I	1048
605	Barbara	Banowska	2	169	I	2846
606	Piotr	Jedruszczak	5	192	I	2995
607	Zofia	Boska	5	188	II	3037
608	Joanna	Para	3	194	II	1930
609	Kamila	Borowska	3	161	I	2743
610	Monika	Chrzanik	3	43	I	2943
611	Marek	Wypchlo	5	159	I	1041
612	Michal	Lowik	5	54	III	1437
613	Wojciech	Janocha	7	140	II	3289
614	Tomasz	Basinski	2	71	II	1032
615	Klaudiusz	Ostrowski	5	124	III	1555
616	Danuta	Telejko	2	210	IV	996
617	Michal	Rokosz	2	215	II	751
618	Piotr	Pienkowski	2	184	I	1425
619	Jan	Razny	1	191	III	1732
620	Stefan	Wlodarczyk	3	21	IV	571
621	Zofia	Kielbus	4	144	II	1384
622	Celina	Dobrzanska	8	163	I	3324
623	Joanna	Letka	2	134	II	2560
624	Katarzyna	Oleksy	5	219	I	2117
625	Jan	Trzmielewski	2	105	II	2094
626	Helena	Gawlicz	5	1	I	2349
627	Tomasz	Mazurek	3	95	V	2409
628	Roch	Lechowicz	5	115	II	2674
629	Marek	Nosowski	2	9	I	486
630	Kamil	Kwiatkowski	2	14	IV	3318
631	Adam	Banas	2	91	I	1991
632	Katarzyna	Jokiel	1	128	I	847
633	Pawel	Jasiak	10	203	I	3277
634	Wojciech	Musiol	5	115	III	2972
635	Weronika	Kaczmarek	3	205	II	1140
636	Pawel	Janowicz	2	111	I	2133
637	Miron	Sledziak	2	176	III	2397
638	Iwona	Kromolowska	5	77	I	2387
639	Sylwester	Borkowski	3	179	IV	1683
640	Zuzanna	Wronska	2	164	II	878
641	Tomasz	Koscielny	2	120	II	2245
642	Ada	Drukarczyk	2	120	I	2353
643	Karol	Andrus	3	124	V	1775
644	Alicja	Medynska	3	92	I	590
645	Katarzyna	Kwiecien	2	11	II	772
646	Felicja	Ostrowska	8	185	II	2466
647	Barbara	Przywarska	3	169	I	3020
648	Malwina	Kabala	2	194	I	2691
649	Lucyna	Trzopek	5	166	V	2758
650	Kamil	Polkowski	3	71	II	357
651	Czeslawa	Kalinowska	5	16	V	2752
652	Emilia	Banach	2	155	I	2695
653	Wiktoria	Gorska	2	217	II	391
654	Dariusz	Hentelski	5	163	I	1750
655	Pawel	Pawlowski	3	83	I	2802
656	Krzysztof	Siemion	9	153	V	2344
657	Marcin	Bienkowski	2	7	I	3025
658	Artur	Dartcjan	2	136	I	1008
659	Felicja	Adamkowska	5	123	I	617
660	Karolina	Naparstek	2	123	I	2409
661	Aleksandra	Wybraniec	5	85	I	764
662	Michal	Otwinowski	5	193	I	2659
663	Lechoslawa	Burcz	8	79	III	2874
664	Bozena	Sowa	7	163	I	691
665	Kacper	Luty	5	205	III	3201
666	Wioletta	Pacula	5	137	V	2742
667	Szczepan	Sobczak	5	120	V	902
668	Kacper	Babinski	5	194	I	831
669	Alicja	Barczynska	5	6	I	2679
670	Ewelina	Kobus	2	14	I	811
671	Agnieszka	Lencznarowicz	5	121	III	478
672	Barbara	Barszczykiewicz	3	181	I	2827
673	Klara	Lipiec	2	151	I	355
674	Jacek	Zuchowicz	2	201	II	1668
675	Andrzej	Wisniewski	3	71	I	2322
676	Oskar	Kolodziej	2	40	II	1535
677	Jakub	Piotrowski	2	179	IV	2456
678	Bogumila	Grubba	5	170	V	858
679	Sandra	Swiatek	9	128	I	2456
680	Anna	Barciszewska	8	155	I	709
681	Maryla	Ciechowicz	5	147	I	2219
682	Katarzyna	Garbacz	5	194	I	2010
683	Jaroslaw	Walewski	2	128	II	356
684	Amadeusz	Bartosik	5	214	I	607
685	Marcin	Gorec	3	173	I	2939
686	Maciej	Poradisz	2	19	III	3037
687	Jan	Barbucha	5	156	I	3276
688	Magdalena	Nadarzyn	2	7	I	1880
689	Celina	Pietras	2	206	V	2872
690	Wanda	Rossudowska	7	192	II	2554
691	Karolina	Tomsza	2	152	I	767
692	Bartosz	Ziolkowski	8	205	I	3056
693	Kamil	Borysow	3	144	I	421
694	Irena	Ignaszewska	5	186	I	1160
695	Miroslawa	Grzesik	5	124	I	788
696	Krzysztof	Bladowicz	2	121	I	2004
697	Maciej	Kula	2	160	I	2418
698	Kamil	Wieczorek	5	186	IV	2065
699	Ewa	Jurek	3	161	I	2101
700	Zyta	Bugala	5	147	II	1958
701	Beata	Stan	2	1	I	2033
702	Juliusz	Wozniak	7	82	I	1523
703	Hanna	Okularczyk	2	25	I	507
704	Aleksy	Borkowski	2	202	IV	1035
705	Dorota	Byra	3	216	I	1233
706	Gertruda	Rzasowska	1	198	II	2877
707	Lukasz	Kostosz	5	185	IV	1060
708	Pawel	Orczyk	5	156	I	627
709	Natasza	Konewka	10	178	V	2056
710	Alicja	Cygan	5	216	I	2578
711	Anna	Bugajska	2	100	I	412
712	Antoni	Wojtyra	2	153	I	2404
713	Jan	Matczak	5	75	I	2042
714	Michal	Kopernik	5	115	I	499
715	Andrzej	Kozlowski	5	179	I	2133
716	Adam	Jasiewicz	5	155	I	1554
717	Jan	Janosik	5	68	III	736
718	Adam	Bledowski	2	194	I	1956
719	Klementyna	Mrozinska	2	170	I	1079
720	Aleksander	Pawlak	3	47	III	705
721	Waclaw	Slaski	3	161	II	2809
722	Jakub	Kanciala	2	63	I	2021
723	Julia	Pondo	2	71	I	1019
724	Jozef	Biegar	3	28	I	2878
725	Pawel	Beryl	2	66	I	2101
726	Paulina	Bulejska	2	73	I	1286
727	Wiktoria	Dobosz	5	44	V	2498
728	Izabella	Bluza	5	209	III	3258
729	Karol	Anyzkiewicz	3	73	II	2274
730	Ksenia	Kadziola	5	164	V	2742
731	Lechoslaw	Nowakowicz	5	65	II	1084
732	Bronislawa	Michalska	2	214	II	3097
733	Marta	Czerny	5	185	I	394
734	Helena	Kotlarz	2	179	I	559
735	Michal	Galas	2	17	I	2461
736	Robert	Tomaszewski	3	201	IV	1511
737	Karol	Boran	5	172	I	2190
738	Agnieszka	Mordak	8	191	II	3292
739	Tomasz	Suder	5	75	I	2998
740	Stefan	Polanicki	5	205	II	770
741	Roman	Kolek	2	100	I	674
742	Magdalena	Peciak	4	128	I	2024
743	Michal	Czajczyk	3	88	I	3080
744	Natasza	Rudnicka	5	8	III	1178
745	Wojciech	Kwiecien	5	64	II	956
746	Michal	Kurtyka	2	123	IV	1445
747	Agnieszka	Dziernanowska	3	89	I	2982
748	Danuta	Bodnar	2	217	III	1543
749	Bartosz	Gasior	4	199	I	2138
750	Tadeusz	Staron	2	151	IV	2198
751	Andrzej	Kacperski	2	120	I	2370
752	Kinga	Krol	2	80	III	3262
753	Katarzyna	Biedka	3	11	I	2705
754	Alina	Wolowiec	8	172	I	2760
755	Szymon	Boruta	1	123	V	945
756	Miroslawa	Prawy	2	204	V	3156
757	Malgorzata	Bronislawska	3	62	I	735
758	Szymon	Perczynski	4	71	III	1216
759	Jowita	Farcik	5	82	IV	2443
760	Agnieszka	Chmielarz	2	207	I	2139
761	Artur	Chodyrak	5	72	I	2338
762	Piotr	Wojcik	5	146	II	1625
763	Janusz	Gajda	5	138	V	2262
764	Barbara	Chrzanowska	2	182	I	997
765	Pawel	Janicki	2	120	V	1067
766	Dariusz	Chrascik	5	94	IV	3152
767	Edyta	Kurdzielewicz	2	10	I	2710
768	Roman	Listopad	5	155	IV	2018
769	Honorata	Milosz	2	124	III	761
770	Zofia	Luszczyk	2	193	II	2409
771	Tomasz	Mieta	5	104	II	3329
772	Miroslawa	Czarnoleska	7	38	I	466
773	Wawrzyniec	Surowka	3	39	IV	1644
774	Bohdan	Bielawski	3	175	I	2645
775	Mateusz	Cisek	2	66	I	2376
776	Kacper	Kujalowski	3	166	V	1195
777	Michal	Piekarz	3	129	II	3142
778	Sebastian	Kalicki	2	49	II	1441
779	Adam	Tuszynski	2	25	I	2269
780	Jerzy	Barczyk	3	110	I	3282
781	Angelika	Koszka	3	82	I	3338
782	Maciej	Pajak	3	129	IV	2558
783	Kamil	Slimak	2	121	V	2585
784	Magdalena	Batycka	2	21	I	819
785	Wojciech	Chlebdanowski	3	29	I	827
786	Grzegorz	Wrzesinski	3	207	V	1609
787	Jolanta	Zarebska	2	103	I	885
788	Waclawa	Zaba	2	76	IV	2347
789	Andrzej	Malek	5	121	IV	451
790	Patryk	Gruszka	2	71	III	2625
791	Fryderyka	Radecka	2	18	III	1004
792	Boleslawa	Sarna	9	50	V	1915
793	Marlena	Warszawska	5	14	I	570
794	Jan	Kozakowski	2	154	I	2539
795	Angelika	Bartusiak	8	184	III	365
796	Grzegorz	Sawicki	5	114	III	2857
797	Maciej	Boni	5	205	IV	2667
798	Dorota	Blaszczyk	3	213	I	1145
799	Oliwia	Bogdal	1	61	III	2021
800	Patryk	Kopytko	2	166	I	3142
801	Monika	Mielecka	2	171	I	669
802	Andrzej	Stefanczyk	5	154	V	1992
803	Patryk	Fiszer	3	25	I	1576
804	Wislawa	Maciejewska	8	60	IV	3031
805	Jozef	Krosno	2	172	I	1102
806	Maksym	Znojek	5	182	II	1934
807	Przemyslaw	Kaczmarek	5	205	III	1140
808	Zofia	Barszczewska	3	182	II	957
809	Artur	Binkowski	2	32	I	1149
810	Adam	Jankowski	2	123	I	2449
811	Adam	Skalny	8	120	III	426
812	Mariusz	Garlowski	5	71	II	2438
813	Beata	Nowotarska	2	68	I	443
814	Maciej	Mojsanowicz	3	161	I	2736
815	Anastazja	Majewska	2	11	II	1476
816	Dorota	Zybowska	2	178	I	1338
817	Oskar	Kozlowski	2	35	I	1767
818	Pawel	Guzik	9	63	II	596
819	Roman	Jakubczyk	2	19	II	1621
820	Celina	Mieleszko	2	163	I	667
821	Joanna	Bycz	5	3	III	1555
822	Marek	Walbiner	5	159	V	2479
823	Robert	Kasa	10	73	I	2535
824	Piotr	Hardy	2	151	I	2849
825	Radoslawa	Poniedzialek	2	210	V	1720
826	Dorota	Stachowska	3	152	I	2242
827	Iwona	Bardzio	5	61	I	3124
828	Zygmunt	Banachowicz	3	131	II	3239
829	Adam	Krakowski	5	211	I	2391
830	Teresa	Grabik	3	111	V	3145
831	Szymon	Czaja	2	155	V	912
832	Cezar	Adamski	1	185	IV	1316
833	Krystian	Dziwulski	2	146	I	2368
834	Joanna	Andrychowicz	5	103	I	1032
835	Filip	Balica	2	45	I	1617
836	Patrycja	Kantor	2	94	IV	534
837	Oskar	Ryba	2	67	II	2275
838	Miron	Raban	2	149	IV	1362
839	Przemyslaw	Choloniewski	4	25	V	2602
840	Sebastian	Carek	2	42	II	2328
841	Karol	Wlodek	2	71	IV	2534
842	Bogdan	Benedykt	1	183	I	2228
843	Brygida	Jakobik	5	129	V	2648
844	Paulina	Szeruga	5	129	I	2077
845	Jadwiga	Loch	5	120	I	1676
846	Ewa	Sosnowska	4	125	I	1151
847	Roman	Aronowski	7	182	I	1576
848	Jaroslaw	Szczepanski	5	124	II	2180
849	Andrzej	Bilinski	10	35	I	1048
850	Jacek	Halemba	4	24	II	1165
851	Tomasz	Wojtkiewicz	2	143	I	2811
852	Mateusz	Kojec	3	166	I	1884
853	Ewelina	Ambroziak	3	9	I	2891
854	Beata	Moskala	3	120	IV	972
855	Kamil	Amanowicz	3	205	I	535
856	Jadwiga	Chodorowska	5	122	I	2763
857	Janina	Bawinek	3	150	I	3327
858	Eustachy	Kendziora	5	11	IV	2414
859	Karolina	Bromska	2	30	I	2480
860	Robert	Rurski	2	199	II	1955
861	Andrzej	Koziol	2	179	V	1428
862	Dominika	Maslon	4	215	I	1175
863	Martyn	Wisniewski	2	210	V	2380
864	Elzbieta	Makalu	5	16	V	2964
865	Beata	Nowakowska	5	121	III	3044
866	Anna	Sawicka	5	124	V	1134
867	Elzbieta	Wieczorek	2	147	IV	3214
868	Jerzy	Kaktus	2	119	I	2732
869	Alicja	Cichocka	7	169	I	780
870	Jolanta	Kukulska	8	207	I	2523
871	Magdalena	Jackowska	5	205	I	3178
872	Dagmara	Szumska	2	159	I	2039
873	Aleksandra	Paluch	5	193	I	2456
874	Marek	Markiewicz	2	115	I	620
875	Roman	Arecki	5	161	I	2086
876	Mikolaj	Lisinski	5	176	I	930
877	Maria	Baron	5	7	I	1112
878	Grzegorz	Jaworski	9	185	I	2185
879	Magdalena	Rysowicz	3	192	I	1731
880	Dominik	Marek	5	43	IV	519
881	Franciszek	Kucharski	2	184	IV	2317
882	Urszula	Czajka	5	71	II	1846
883	Anna	Szyma	2	155	IV	753
884	Radomil	Grudzien	3	66	V	2077
885	Wladyslawa	Konwicka	2	182	V	1259
886	Jadwiga	Osinska	2	171	II	1004
887	Stefan	Kalinowski	8	120	II	1932
888	Karol	Myrcik	2	157	II	2011
889	Anna	Oman	2	66	I	1445
890	Piotr	Bajer	2	154	I	2408
891	Paulina	Wierzchowska	2	71	I	1554
892	Zofia	Chalupka	5	93	II	3255
893	Celina	Mirow	2	208	I	2732
894	Tadeusz	Kotowicz	2	71	II	1950
895	Elzbieta	Wielgus	3	18	III	2581
896	Elzbieta	Kwiatkowska	5	69	III	1590
897	Malgorzata	Pisarskiewicz	3	186	I	3064
898	Sobieslaw	Bulwan	3	107	I	970
899	Dorota	Marchewka	1	201	III	1632
900	Patrycja	Metz	5	192	I	1547
901	Zachariasz	Jakimow	5	157	IV	527
902	Jakub	Malarski	2	13	IV	2104
903	Oskar	Rakowski	5	28	I	475
904	Tomasz	Dudzinski	2	197	V	744
905	Jaromir	Szybki	2	41	IV	679
906	Krzysztof	Linus	5	158	I	2232
907	Andrzej	Inny	5	212	I	1525
908	Wojciech	Batory	1	12	II	1442
909	Monika	Drzewiecka	2	129	I	1736
910	Renata	Kalwas	2	158	IV	1252
911	Jan	Sztonyk	2	153	I	2533
912	Kacper	Kita	5	166	I	2006
913	Zofia	Kruszewska	2	205	V	1700
914	Radzimierz	Wojciechowski	5	158	III	555
915	Wojciech	Augustowski	2	82	II	814
916	Barbara	Chudzik	5	71	III	3011
917	Wojtek	Trzconka	5	111	V	1913
918	Aleksy	Wur	2	30	V	1021
919	Bogumila	Piotrowska	3	71	II	3306
920	Natalia	Sikorska	1	182	I	2452
921	Hanna	Pietrzyk	5	124	I	2589
922	Malgorzata	Janowska	2	91	II	1464
923	Danuta	Chmielewska	2	188	V	1936
924	Pawel	Banasiak	2	2	I	3317
925	Adam	Zareba	2	123	I	985
926	Fryderyka	Krzyskow	5	191	IV	2117
927	Ewa	Sochacka	6	124	I	2333
928	Kacper	Starachowicz	3	184	II	1802
929	Renata	Banachowicz	2	139	I	464
930	Donald	Bakowski	1	166	I	1410
931	Roza	Labaziewicz	7	33	II	2958
932	Artur	Blotny	8	152	I	1641
933	Adam	Paterek	3	205	I	2559
934	Magdalena	Kulig	2	205	I	715
935	Pawel	Banasiewicz	2	18	I	579
936	Wiktor	Buchta	8	89	III	1652
937	Sobieslaw	Symanski	5	128	II	983
938	Dariusz	Kowalczyk	5	124	III	2441
939	Mieszko	Lewy	3	210	II	1408
940	Wiktoria	Gumienny	3	151	I	855
941	Sylwia	Filipowicz	2	86	II	2693
942	Zofia	Maciarz	3	62	V	1299
943	Frydryk	Alancki	9	113	III	2855
944	Patrycja	Roman	5	189	I	3345
945	Jolanta	Chmiel	5	142	I	1300
946	Boleslaw	Bialowasicz	2	146	I	2057
947	Agnieszka	Stachowiak	7	71	I	3199
948	Bronislawa	Ludwig	5	197	III	1400
949	Wojciech	Iwanski	7	6	II	2580
950	Elzbieta	Zagorska	3	99	IV	486
951	Wielislaw	Watroba	2	182	III	1035
952	Kamil	Bartnik	2	37	I	1718
953	Zygmunt	Grzmil	2	144	II	1346
954	Mateusz	Kawicki	2	11	I	3253
955	Mateusz	Mazurkiewicz	2	206	I	3000
956	Cecylia	Boguslawska	3	179	IV	1225
957	Alicja	Urbanczyk	4	179	I	3022
958	Jan	Kamyk	8	11	I	2899
959	Anna	Pytka	3	186	I	1146
960	Ryszard	Grabowski	2	39	III	728
961	Janusz	Smitkowski	3	147	V	2238
962	Jan	Karbowniczek	2	150	IV	2865
963	Teresa	Wozniak	5	186	II	3094
964	Mateusz	Chwalinski	3	204	I	1802
965	Wojciech	Sobczak	3	94	I	2626
966	Zofia	Klein	3	94	III	849
967	Eustachy	Pustulka	5	28	III	1080
968	Lucyna	Sokolowska	3	82	II	2284
969	Rafal	Rybak	2	34	II	1366
970	Agnieszka	Baranowska	5	147	I	772
971	Anna	Szafranska	2	11	I	1671
972	Malgorzata	Koczorowska	2	71	I	431
973	Gracja	Warecka	3	163	II	3030
974	Michal	Piechota	4	21	V	1748
975	Krystyna	Brylka	2	45	V	2256
976	Filip	Harazim	5	214	I	883
977	Maria	Bakala	5	60	I	2293
978	Piotr	Jablonski	2	159	V	1185
979	Michal	Powietrzynski	5	153	I	2260
980	Adelajda	Sobczak	2	190	I	1087
981	Ryszard	Skrzypczyk	3	25	III	1049
982	Marek	Marciniak	5	151	I	827
983	Slawomir	Afganski	6	207	II	1583
984	Jolanta	Marcz	3	207	I	573
985	Tomasz	Kania	5	171	I	2458
986	Barbara	Krzeczkowska	2	213	I	1418
987	Zuzanna	Walczynska	3	194	I	1035
988	Gabriela	Zajac	3	25	II	1757
989	Henryk	Walczak	5	7	II	923
990	Kuba	Kaminska	5	18	II	1274
991	Wieslaw	Bananowski	2	11	II	2930
992	Roman	Szumylowicz	2	73	IV	1176
993	Bronislaw	Hubertus	7	42	I	2912
994	Roman	Buszek	5	6	II	771
995	Ewa	Szepelak	2	141	I	2284
996	Szymon	Wcislowski	8	50	II	1444
997	Aleksandra	Pietak	5	23	I	2499
998	Kacper	Berkowski	6	135	I	1127
999	Jagoda	Szmaglinska	3	163	I	605
1000	Mariusz	Morawski	3	154	IV	467
1001	Natalia	Kochman	1	165	I	2854
1002	Zofia	Bartczak	2	210	II	1551
1003	Celina	Kubera	5	16	IV	729
1004	Faustyn	Katana	3	96	I	3318
1005	Amelia	Awast	3	44	I	3321
1006	Paulina	Michalak	3	185	I	1204
1007	Frydryk	Wenc	2	143	V	1452
1008	Aleksander	Bolkowski	3	201	I	3247
1009	Celestyna	Ozga	2	28	II	1377
1010	Lucja	Wicinska	5	71	I	2180
1011	Jerzy	Gibki	5	115	III	1770
1012	Halina	Klimaszewska	2	175	I	2138
1013	Mateusz	Wolny	7	204	V	1240
1014	Jadwiga	Tarkowska	2	192	II	558
1015	Tomasz	Bansik	5	122	II	2355
1016	Zofia	Staniec	3	70	II	610
1017	Jerzy	Barankiewicz	3	129	I	869
1018	Anna	Ludwin	5	5	IV	2514
1019	Jaroslaw	Nowik	3	123	III	3069
1020	Kamil	Kozlowski	7	207	V	843
1021	Anna	Klubicka	2	148	I	2039
1022	Paulina	Barcik	5	211	I	821
1023	Edyta	Wojcik	2	71	III	2649
1024	Karol	Brodowicz	3	59	IV	1519
1025	Kamil	Malek	4	111	II	2719
1026	Ewa	Holda	2	199	II	628
1027	Anna	Krakowska	2	44	I	3035
1028	Honorata	Jasinska	2	28	II	530
1029	Roman	Badurzewski	2	151	I	2135
1030	Mateusz	Switaj	3	100	I	1947
1031	Franciszek	Piaty	2	63	IV	1202
1032	Mikolaj	Pietras	3	43	I	2686
1033	Urszula	Misiak	3	193	II	590
1034	Anna	Halinowska	2	182	I	1934
1035	Antoni	Borowicz	5	129	IV	2699
1036	Jozef	Maj	2	61	II	1191
1037	Zofia	Miejska	1	146	II	3283
1038	Andrzej	Dubala	2	161	I	2519
1039	Wincenty	Klimkiewicz	5	152	I	1416
1040	Zdzislawa	Hejak	2	146	IV	2233
1041	Franciszek	Leszczynski	5	120	IV	2676
1042	Maksym	Majewski	2	108	III	1309
1043	Kamil	Kucharski	2	207	II	923
1044	Elwira	Banowicz	3	60	I	1397
1045	Zofia	Skrzydlewska	2	161	V	1545
1046	Miloslaw	Kozik	2	170	III	2367
1047	Danuta	Kowalczyk	10	208	V	2844
1048	Hanna	Aleksy	9	23	I	3031
1049	Alina	Literacka	5	75	I	576
1050	Karol	Medrzec	5	109	II	1603
1051	Anastazja	Grabowska	2	115	V	2706
1052	Malgorzata	Katowska	2	166	I	3076
1053	Adam	Wolski	2	111	I	3241
1054	Dorota	Roos	9	99	I	852
1055	Ewa	Baranicz	3	11	I	2580
1056	Serafin	Symanski	2	71	II	683
1057	Wioletta	Maciejewska	2	69	V	668
1058	Julita	Ciecierska	5	94	I	1273
1059	Natalia	Kosciuszko	5	214	I	1628
1060	Karina	Siwczynska	2	75	III	1035
1061	Katarzyna	Augustynik	2	169	I	3052
1062	Danuta	Bialecka	2	100	I	685
1063	Damian	Wanad	5	185	I	1651
1064	Michalina	Busz	2	73	IV	639
1065	Mateusz	Mrusz	2	178	II	1808
1066	Artur	Wolicz	5	184	I	2893
1067	Zygmunt	Czajkowski	3	56	II	2861
1068	Adam	Babecki	8	171	I	2536
1069	Patryk	Sowa	5	71	IV	2922
1070	Barbara	Czarnecka	2	146	V	2940
1071	Karolina	Biegajczyk	2	45	I	2054
1072	Kajetan	Kuzon	2	96	I	1249
1073	Kamil	Bajer	1	125	I	3074
1074	Jakub	Kucharczyk	3	120	I	2404
1075	Rafal	Turowski	5	147	III	1908
1076	Witold	Muraszkowski	2	115	II	1357
1077	Waclawa	Henka	2	219	III	799
1078	Janusz	Sekula	2	115	I	850
1079	Dariusz	Barcinski	5	83	II	1115
1080	Jerzy	Obornicki	2	91	I	2015
1081	Katarzyna	Hohenberg	2	200	I	1653
1082	Grzegorz	Wroclawski	5	128	IV	1899
1083	Anna	Kubiak	2	21	I	3222
1084	Adam	Kalka	2	157	I	427
1085	Andrzej	Blasik	2	111	I	2289
1086	Kuba	Sonarska	2	156	II	966
1087	Henryk	Macutkiewicz	9	120	III	2086
1088	Irmina	Kilen	3	89	I	1985
1089	Malgorzata	Pietrzyk	3	99	I	3243
1090	Kazimiera	Sobiecka	2	193	I	1402
1091	Rafal	Wierzbicki	1	71	I	2823
1092	Anna	Witek	8	156	I	2729
1093	Martyna	Lamorska	7	201	I	740
1094	Elzbieta	Matczak	2	71	V	1528
1095	Lucyna	Wojciechowska	3	185	III	2806
1096	Dorota	Chenowska	3	124	I	2956
1097	Juliusz	Piechocki	5	44	IV	3134
1098	Zbigniew	Stypula	5	38	I	1878
1099	Maciej	Rojkiewicz	3	128	I	2143
1100	Agnieszka	Kaczmarczyk	9	169	I	2348
1101	Barbara	Swiegoda	5	71	I	2919
1102	Natasza	Duda	9	168	III	2125
1103	Elzbieta	Matuszewska	2	100	I	1140
1104	Anna	Stefanska	2	166	I	2185
1105	Franciszek	Bartoszek	3	158	I	1232
1106	Marta	Arast	5	217	I	1470
1107	Maria	Chojnacka	4	4	I	1239
1108	Wojciech	Gorski	2	162	III	2548
1109	Lucyna	Sokolowska	1	191	V	2832
1110	Bronislaw	Wozniak	5	171	I	2796
1111	Angelika	Mrozek	3	186	IV	2291
1112	Edward	Malinowski	3	190	I	3265
1113	Izabella	Beniowska	3	39	I	3322
1114	Aneta	Basista	5	139	I	2579
1115	Agata	Altman	5	59	I	2584
1116	Adelajda	Nucinska	2	186	V	1289
1117	Witold	Mus	5	31	V	1912
1118	Przemyslaw	Lipert	2	104	II	1929
1119	Adam	Beben	2	78	I	2162
1120	Roksana	Kajka	2	80	II	2036
1121	Dominika	Pudlowicz	2	71	I	2824
1122	Aleksy	Rebacz	5	10	I	2784
1123	Zygfryd	Klimczyk	5	129	I	1955
1124	Boguslawa	Ostrowska	5	185	V	2466
1125	Celina	Bekasiewicz	8	59	I	1526
1126	Marcin	Pawlowski	3	156	II	2438
1127	Elzbieta	Czwartek	3	21	I	2846
1128	Jan	Bialek	2	111	I	1686
1129	Robert	Zalesiak	3	79	I	1115
1130	Adrianna	Wojtczak	4	90	I	2847
1131	Aniela	Dymek	7	190	IV	2207
1132	Marek	Zawodnik	3	71	I	3294
1133	Antoni	Kaber	5	128	I	2522
1134	Grzegorz	Serocki	3	137	I	2664
1135	Iwona	Kedrak	2	65	III	3062
1136	Tomasz	Janowski	7	190	II	2163
1137	Izabella	Chorzowik	2	115	I	2409
1138	Stanislaw	Zelazko	2	104	V	1363
1139	Karolina	Wozniakiewicz	2	201	I	2909
1140	Wioletta	Zawadzka	2	194	II	2254
1141	Danuta	Jachimowicz	5	47	I	705
1142	Hanna	Bidowska	2	206	I	2551
1143	Magdalena	Klekowska	5	211	I	2511
1144	Anna	Michajlow	5	88	I	2312
1145	Bartosz	Tomaszewski	3	201	II	1511
1146	Filip	Zukowski	2	156	I	1740
1147	Jadwiga	Graniecka	2	171	I	1499
1148	Dorota	Kozikowska	3	181	I	2928
1149	Mariusz	Adamowiczek	2	45	I	2393
1150	Marta	Berakowska	4	178	I	1850
1151	Kacper	Sokolowski	5	103	II	1241
1152	Janusz	Sapek	3	124	II	1160
1153	Zofia	Glapa	5	214	I	600
1154	Aleksandra	Koszewska	5	71	I	700
1155	Jadwiga	Chaberow	2	110	I	2396
1156	Tomasz	Gates	8	2	II	1421
1157	Wiktoria	Wieczorek	5	192	V	2186
1158	Patrycja	Borna	5	212	II	1500
1159	Szymon	Brandys	2	82	II	2119
1160	Michal	Zwierzynski	5	55	I	1370
1161	Dyta	Nowakowska	2	144	V	1435
1162	Anna	Sabat	5	170	I	1223
1163	Beata	Gajewska	5	63	I	455
1164	Michal	Kupiec	5	2	II	936
1165	Elzbieta	Lubanska	1	102	I	2715
1166	Dariusz	Konczak	2	100	I	2351
1167	Stefan	Blazejczyk	5	62	II	1799
1168	Malgorzata	Zielinska	5	134	V	1345
1169	Julia	Adamiak	2	7	I	2254
1170	Michal	Bujak	5	186	I	1454
1171	Stefan	Lipski	5	134	II	2529
1172	Krzysztof	Wachowicz	3	31	I	1928
1173	Seweryn	Kubica	8	211	II	2831
1174	Kamil	Wojcicki	5	31	III	1354
1175	Tomasz	Aniol	7	161	II	1824
1176	Judyta	Krawiec	5	155	V	2911
1177	Wojciech	Mielczarek	2	115	III	1485
1178	Malgorzata	Janiszewska	3	193	II	3127
1179	Ewa	Pawluk	1	196	I	3218
1180	Izabella	Olszewska	9	132	I	2183
1181	Wojciech	Bartus	2	158	I	1185
1182	Borys	Krolikiewicz	5	146	I	2506
1183	Anna	Dziwak	2	152	I	2519
1184	Monika	Nocun	2	157	I	1744
1185	Jolanta	Dworek	7	148	I	2126
1186	Marcin	Rusin	3	134	IV	2578
1187	Rafal	Eminowicz	2	125	IV	2555
1188	Wiga	Debska	3	99	II	523
1189	Zbigniew	Adamczyk	2	196	III	2121
1190	Stanislaw	Pigulski	3	110	II	1340
1191	Kinga	Pisarska	9	63	I	2716
1192	Wojciech	Jagodzinski	5	100	V	818
1193	Marcin	Cwikowski	5	186	III	1144
1194	Witold	Czarnecki	1	73	II	3010
1195	Ewa	Szczublewska	2	34	I	420
1196	Celina	Tomaszewska	5	185	V	872
1197	Robert	Oleszko	5	20	III	1922
1198	Alicja	Kwasniak	3	5	V	1860
1199	Ewa	Wasiak	2	217	I	2653
1200	Jakub	Szczepanski	5	77	I	1120
1201	Julita	Burza	5	71	II	882
1202	Anna	Szendzielorz	3	195	I	2403
1203	Grzegorz	Misiek	5	42	III	3156
1204	Rafal	Szkwarek	3	104	IV	2859
1205	Agnieszka	Malicka	2	56	I	644
1206	Anna	Milewska	3	186	I	1430
1207	Mikolaj	Hejdysz	3	170	I	1373
1208	Maciej	Skoczylas	2	115	I	1809
1209	Tomasz	Szymik	5	63	V	2629
1210	Anastazja	Haszczyc	5	59	IV	2724
1211	Klaudiusz	Sokolowski	8	18	III	1207
1212	Dorota	Szymanek	5	128	I	1364
1213	Maja	Jedrzejczyk	2	59	I	838
1214	Tomasz	Adamiecki	1	45	II	661
1215	Dominik	Rolla	5	50	I	3078
1216	Beata	Podlaska	2	71	I	354
1217	Boguslaw	Olszewski	2	20	II	1256
1218	Alicja	Strojna	2	7	I	2838
1219	Anna	Konieczna	7	208	III	992
1220	Jadwiga	Przybylska	5	170	I	2199
1221	Adrian	Banaszczyk	5	68	I	697
1222	Anna	Mikocka	2	160	II	1680
1223	Karol	Abramczyk	2	169	I	2638
1224	Anna	Miecznikowska	10	158	V	955
1225	Beata	Ciechanowicz	4	124	V	1778
1226	Anna	Kaminska	3	13	IV	1960
1227	Piotr	Jaworski	2	149	I	2303
1228	Daniel	Felinski	2	169	I	2268
1229	Natalia	Sobolewska	3	66	I	2408
1230	Tomasz	Wozniak	2	166	III	1695
1231	Zofia	Sikora	5	45	II	1866
1232	Helena	Bliszczyk	2	111	I	2104
1233	Kacper	Klimka	4	202	IV	2072
1234	Ewelia	Basiak	3	163	I	1994
1235	Piotr	Nowak 	3	184	II	3039
1236	Ewa	Biel	3	99	I	2416
1237	Dominik	Balik	2	73	II	1068
1238	Marcin	Kowalski	5	179	V	3197
1239	Izaak	Gawron	5	191	I	1231
1240	Michal	Piwonski	5	104	I	2417
1241	Joanna	Nowak	8	35	I	2178
1242	Ewa	Niewiarowska	5	158	I	2722
1243	Walenty	Rutkowski	5	194	IV	890
1244	Roman	Jarosz	8	74	III	2129
1245	Lukasz	Kotala	3	86	II	653
1246	Bartlomiej	Konny	5	20	IV	2964
1247	Janina	Giza	2	73	I	3335
1248	Dorota	Chojnacka	2	104	III	2107
1249	Bogdan	Nowakowski	3	210	I	1290
1250	Pawel	Krol	3	205	V	1109
1251	Henryk	Walczak	3	178	III	3035
1252	Stefan	Tomkow	5	157	II	3197
1253	Ireneusz	Banaszkiewicz	9	42	I	1251
1254	Zofia	Gala	3	214	II	2861
1255	Juliusz	Linek	2	76	I	1244
1256	Franciszek	Kosiorowski	5	123	III	1470
1257	Anna	Sobol	2	94	I	1204
1258	Dariusz	Reszczynski	2	125	I	1048
1259	Karol	Furmanik	8	158	I	2387
1260	Krystian	Pieniak	2	161	I	1949
1261	Wladyslaw	Olcha	5	189	III	1117
1262	Aleksandra	Majewska	3	124	I	2206
1263	Jan	Kowalewicz	5	209	I	2283
1264	Krystyna	Barszczyk	2	172	I	2407
1265	Lidia	Juzak	2	170	III	1073
1266	Joanna	Bilska	3	73	I	2807
1267	Maciej	Cisasny	3	149	II	1739
1268	Malwina	Manna	3	43	III	3161
1269	Monika	Antoszewska	2	213	I	2847
1270	Andrzej	Konik	2	134	IV	1498
1271	Rafal	Kucharski	10	192	II	1345
1272	Natalia	Rybinska	2	104	I	2872
1273	Zygmunt	Jablonski	3	159	IV	1185
1274	Jolanta	Tomczak	1	171	I	3335
1275	Andrzej	Kononowicz	3	80	IV	2730
1276	Zygmunt	Szczygielski	2	122	II	2500
1277	Karolina	Michalec	5	59	I	2797
1278	Marcin	Bydgoski	2	12	I	578
1279	Irena	Banaczek	3	156	I	3085
1280	Adam	Bodny	2	158	IV	1207
1281	Michal	Krzysztofinski	5	166	V	2642
1282	Borys	Zimnowoda	2	71	I	1058
1283	Tadeusz	Sadowski	5	25	II	1003
1284	Paulina	Chaberek	3	183	I	2806
1285	Izabella	Wlodarczak	2	11	I	1069
1286	Anna	Potocka	8	211	I	1593
1287	Jedrzej	Kurzawinskai	5	59	V	3296
1288	Roksana	Sokolowska	2	192	V	2430
1289	Malgorzata	Albert	5	178	I	440
1290	Sabina	Krakowiak	5	106	II	2800
1291	Tadeusz	Terlecki	5	184	II	546
1292	Lech	Smolarz	5	126	I	1255
1293	Jacek	Huzar	10	21	V	1559
1294	Izabella	Wreczycka	8	123	V	1873
1295	Dariusz	Kratka	3	60	I	2509
1296	Krystyna	Charkow	3	82	I	398
1297	Ewelina	Korczak	5	205	I	2906
1298	Mikolaj	Szala	1	184	I	2325
1299	Dorota	Boszcz	5	11	I	2162
1300	Edmund	Malborski	8	158	I	681
1301	Michalina	Mol	2	122	IV	2081
1302	Marcin	Wolak	2	156	II	775
1303	Gorzegorz	Turek	5	26	I	2498
1304	Alicja	Kwiecinska	2	73	I	632
1305	Alfred	Babalewski	2	18	I	2451
1306	Matylda	Marzec	5	94	II	2995
1307	Rafal	Ramotowski	2	171	IV	861
1308	Kinga	Pogoda	2	43	I	3213
1309	Kamil	Sokolowski	5	25	V	1845
1310	Andrzej	Barabuk	4	21	I	1227
1311	Agnieszka	Kapuscinska	3	124	II	2227
1312	Edmund	Salezy	5	154	I	990
1313	Ryszard	Baranek	5	127	I	1047
1314	Tomasz	Krolikiewicz	2	120	III	2856
1315	Wiktor	Holynski	2	161	V	2522
1316	Kazimierz	Celejewski	2	201	I	568
1317	Jaroslaw	Szturc	3	152	I	3131
1318	Kamil	Klimintowicz	5	22	III	2101
1319	Jerzy	Zambrowicz	2	72	I	515
1320	Jakub	Magielewski	2	162	I	3116
1321	Adrian	Misztal	5	134	I	3349
1322	Maciej	Babicz	5	193	IV	1645
1323	Barbara	Barska	5	128	IV	1047
1324	Krystyna	Boss	5	16	I	3040
1325	Tomasz	Hubisz	5	149	I	1470
1326	Eleonora	Gregoruk	5	157	I	1150
1327	Zbigniew	Rodek	7	156	II	1357
1328	Wlodzislaw	Wojtowicz	3	71	V	807
1329	Marek	Liderski	9	182	I	2536
1330	Zofia	Nowak 	5	149	I	434
1331	Karol	Banach	5	206	I	2840
1332	Franciszek	Dziedzic	5	195	I	2312
1333	Mariola	Kucharska	5	115	I	373
1334	Michal	Batorowicz	3	182	I	1287
1335	Aleksandra	Piotrowska	2	103	I	1210
1336	Jaroslaw	Matusz	10	157	V	2156
1337	Krystyna	Zukowska	3	49	I	1150
1338	Witold	Witkowski	2	182	II	2162
1339	Edward	Balowski	5	151	I	1187
1340	Jan	Wilczek	2	94	I	1387
1341	Krystian	Szatylowicz	7	153	V	2564
1342	Ewelina	Paca	3	122	I	350
1343	Adam	Piotrowski	9	12	V	3121
1344	Anna	Rolek	2	186	II	615
1345	Grzegorz	Kalamar	5	111	II	412
1346	Jan	Witaj	5	1	I	400
1347	Magdalena	Antos	2	156	I	430
1348	Joanna	Wasowicz	5	9	I	757
1349	Przemyslaw	Dobrzynski	7	66	I	2648
1350	Piotr	Kisielewicz	3	215	I	3026
1351	Jerzy	Banan	3	7	I	1463
1352	Rafal	Blocki	2	182	I	2425
1353	Bartosz	Bek	5	186	I	669
1354	Piotr	Bentkowski	5	163	I	2587
1355	Bernard	Kregiel	2	158	I	2289
1356	Malgorzata	Cichawa	5	33	II	1949
1357	Danuta	Pietruszka	4	56	I	918
1358	Andrzej	Korzeniewski	2	161	I	3116
1359	Zofia	Bakus	5	75	II	945
1360	Miron	Symanski	4	124	V	3075
1361	Witold	Kornacki	3	115	I	2770
1362	Mikolaj	Grochalski	1	184	I	1047
1363	Marcin	Walczak	5	194	V	2063
1364	Jacek	Rynkiewicz	3	159	I	1578
1365	Marcin	Janeczek	2	149	IV	628
1366	Halina	Bajerek	3	11	I	2047
1367	Dominik	Zelechowski	7	138	I	2926
1368	Antoni	Buchalterz	2	124	III	1308
1369	Joanna	Majeczek	2	43	I	3060
1370	Patrycja	Majka	9	182	I	783
1371	Bronislawa	Zwozniak	2	191	III	2009
1372	Lukasz	Ostrobramski	2	186	II	2376
1373	Piotr	Baranski	2	89	I	2861
1374	Barbara	Kaczmarek	2	89	II	2792
1375	Adam	Warka	3	158	II	1217
1376	Ewa	Pustelnik	1	190	I	1449
1377	Jerzy	Soplica	4	35	I	2472
1378	Wojciech	Kaminski	5	190	V	587
1379	Boguslawa	Sawicka	4	11	V	2168
1380	Wincenty	Pohorecki	6	149	II	1619
1381	Maciej	Proniewicz	2	172	III	1252
1382	Wislawa	Slonina	3	87	IV	2012
1383	Danuta	Krak	2	73	I	2171
1384	Janusz	Wrobel	5	182	V	3234
1385	Marek	Poludniak	8	136	V	1569
1386	Hanna	Karska	5	148	I	1912
1387	Patrycja	Dona	3	170	I	2571
1388	Szymon	Kulik	1	12	I	834
1389	Sonia	Kozubik	5	193	I	768
1390	Mikolaj	Mela	5	100	III	2192
1391	Ewelina	Rykala	3	42	I	1236
1392	Jedrzej	Banas	5	91	V	2002
1393	Beata	Myrcik	5	169	III	2330
1394	Anna	Ostrowska	5	75	I	622
1395	Henryka	Blizna	7	182	II	3006
1396	Cecylia	Jaskolska	1	86	III	3050
1397	Piotr	Siudut	5	99	I	2195
1398	Arnold	Bandera	8	75	I	500
1399	Janusz	Slomski	3	74	III	2778
1400	Alicja	Gorniak	10	46	I	658
1401	Lukasz	Bajor	2	197	I	1527
1402	Grzegorz	Zaba	5	132	III	1006
1403	Patryk	Zychowicz	2	159	I	2391
1404	Malgorzata	Bedka	2	193	II	2494
1405	Zygmunt	Augustyniak	9	31	II	2006
1406	Adam	Grzmot	2	134	V	890
1407	Jolanta	Guryn	2	115	I	2391
1408	Joanna	Warzecha	2	26	III	833
1409	Alina	Nowak	3	24	I	1234
1410	Piotr	Papier	2	154	I	987
1411	Patrycja	Fleisch	7	18	I	585
1412	Adam	Cichowas	5	70	I	2865
1413	Dominika	Kierat	2	194	I	1493
1414	Piotr	Targosz	3	19	I	2597
1415	Michal	Szmigin	5	182	III	3126
1416	Antoni	Graczyk	2	149	IV	2209
1417	Malgorzata	Balinska	2	37	I	1709
1418	Justyna	Sliwinska	2	75	I	2818
1419	Witold	Kowal	3	184	II	2591
1420	Beata	Rejkowicz	2	124	I	1822
1421	Marta	Bajerka	5	166	I	2757
1422	Karolina	Krynicka	5	152	I	962
1423	Zofia	Cybulska	3	82	II	2100
1424	Kacper	Gajdemski	5	146	III	2793
1425	Adam	Prokop	2	51	I	898
1426	Kleopatra	Janska	5	184	I	724
1427	Jadwiga	Balcerowska	5	179	I	1158
1428	Joanna	Podczasiak	4	33	I	921
1429	Hanna	Cabaj	5	71	V	2281
1430	Katarzyna	Komar	5	134	I	2969
1431	Pawel	Zmelty	2	171	I	397
1432	Adam	Kral	3	163	I	2164
1433	Kajetan	Szczepanski	2	171	IV	2369
1434	Adrian	Badera	7	166	I	2481
1435	Adelajda	Czerwinska	5	184	III	2940
1436	Alina	Miekus	2	171	I	896
1437	Lidia	Sroda	2	194	IV	1577
1438	Alicja	Danek	5	186	I	787
1439	Danuta	Muniak	5	120	I	1924
1440	Natalia	Zawalinska	2	99	I	1082
1441	Emila	Florek	5	140	I	2316
1442	Adam	Lewik	3	11	IV	2728
1443	Jadwiga	Duzy	2	195	I	2256
1444	Kacper	Billa	4	71	IV	2354
1445	Jan	Witaszczyk	5	217	V	973
1446	Michal	Katon	5	170	IV	689
1447	Janusz	Rys	2	32	V	1216
1448	Celina	Bednarska	3	213	I	1264
1449	Jan	Majewski	2	26	I	2899
1450	Janina	Witarek	1	112	I	1863
1451	Karolina	Rogowska	7	126	I	3050
1452	Oskar	Ploszaj	5	76	II	1257
1453	Anna	Marciniak	5	66	V	3038
1454	Arkadiusz	Pyzikowski	5	166	III	2036
1455	Marcin	Szumowski	2	31	I	1310
1456	Anastazja	Czarnecka	5	71	II	1700
1457	Leszek	Bareczek	1	124	I	2922
1458	Beata	Pogonska	1	79	IV	2983
1459	Klaudia	Dziarska	4	102	V	1945
1460	Zofia	Mazowiecka	8	156	II	1965
1461	Rafal	Radwan	2	41	IV	2914
1462	Karolina	Dabrowka	3	142	I	2145
1463	Kinga	Winkler	5	191	I	2655
1464	Brygida	Molikiewicz	3	191	I	725
1465	Adam	Wojtas	2	161	I	1906
1466	Anna	Balcerek	1	192	I	1624
1467	Nicola	Oleksza	3	26	I	381
1468	Walery	Susel	2	123	III	2097
1469	Janusz	Tkaczyk	5	120	I	633
1470	Maria	Bujaczka	2	123	I	1216
1471	Olgierd	Rokpol	4	23	I	3348
1472	Adrianna	Wojtas	3	82	II	2746
1473	Jan	Orlowski	2	122	I	1314
1474	Marcin	Budzisz	2	43	I	1837
1475	Adrianna	Tarara	4	71	II	3255
1476	Anna	Marchlewska	5	115	I	385
1477	Kamil	Tusinski	5	131	IV	1663
1478	Mateusz	Pyla	5	19	III	2902
1479	Halina	Fido	2	182	IV	3069
1480	Magdalena	Sznyrowska	2	161	I	1096
1481	Martyn	Milek	3	67	IV	1363
1482	Janina	Ciechanowicz	4	71	I	2829
1483	Alicja	Chrzan	8	52	I	1489
1484	Andrzej	Bawar	5	191	I	1189
1485	Patryk	Barcikowski	2	28	I	2031
1486	Ewelina	Marzec	2	178	II	1993
1487	Laura	Ochota	5	205	I	1622
1488	Ewelina	Chojna	7	2	I	355
1489	Zbigniew	Fijas	2	154	II	2746
1490	Grazyna	Sikorowicz	2	192	I	505
1491	Ireneusz	Szydlak	2	192	II	1971
1492	Malgorzata	Bronicz	5	38	I	2290
1493	Paulina	Malecka	10	42	I	2037
1494	Krystian	Dunaj	2	190	V	2634
1495	Zbigniew	Milion	8	18	II	545
1496	Alan	Nieszporek	2	121	I	1921
1497	Wanda	Barabasz	3	186	II	1227
1498	Dawid	Adamek	2	59	I	1512
1499	Ewa	Malkowska	2	65	I	1388
1500	Paulina	Andruszewska	2	122	I	766
1501	Elzbieta	Kosinska	2	97	I	2455
1502	Artur	Biankowski	5	153	I	577
1503	Malgorzata	Podsiadlo	2	27	I	1164
1504	Wioletta	Oliwa	5	51	III	762
1505	Eustachy	Czyrnek	2	73	IV	536
1506	Boguslawa	Kowalska	2	12	III	2453
1507	Antoni	Rutkowski	5	190	I	3173
1508	Michal	Kowalski	2	7	V	2706
1509	Agnieszka	miel	3	172	I	2319
1510	Wieslaw	Helski	2	195	II	534
1511	Aleksy	Domagalik	4	10	II	1749
1512	Katarzyna	Ogrodniczak	7	197	III	1421
1513	Maciej	Kaminski	2	35	III	1509
1514	Bronislaw	Chwala	5	190	I	1032
1515	Jozafat	Marcinkiewicz	2	48	III	3054
1516	Miron	Mewa	5	77	V	2311
1517	Zofia	Piwowarczyk	1	125	V	1206
1518	Jakub	Grzybowski	7	75	I	2915
1519	Janusz	Kowalonek	7	43	II	1974
1520	Teresa	Wrobel	3	123	IV	2341
1521	Karolina	Kryniewska	3	182	I	795
1522	Sergiusz	Migdalowski	5	71	IV	2008
1523	Tomasz	Gwozdziewicz	2	49	II	1995
1524	Ryszard	Lubaszka	2	211	II	1399
1525	Jakub	Wilinski	2	182	III	1525
1526	Tadeusz	Sienkiewicz	2	164	II	3207
1527	Jakub	Hajdukiewicz	5	169	I	1627
1528	Ilona	Banasiewicz	5	128	I	2796
1529	Slawomir	Balcerowski	2	169	II	1236
1530	Tomasz	Witas	2	207	II	2728
1531	Slawomir	Kominiarz	5	186	V	1882
1532	Krystyna	Damska	2	184	I	1502
1533	Jan	Oleksy	3	24	III	3180
1534	Agata	Najowicz	5	144	I	2951
1535	Agata	Rakulska	5	122	I	1824
1536	Wiktor	Buczkowski	5	11	II	1267
1537	Alicja	Kraus	3	61	I	3162
1538	Michal	Polak	4	197	I	1720
1539	Henryk	Barylka	2	154	I	2909
1540	Barbara	Wolej	3	125	I	1795
1541	Adelajda	Klimczyk	5	161	II	1932
1542	Kamil	Baranowski	2	41	I	2743
1543	Dawid	Kruk	3	129	I	810
1544	Anna	Kowalska	5	125	I	1612
1545	Robert	Zalewicz	3	129	II	784
1546	Rafal	Swiderski	3	71	I	1310
1547	Edyta	Rebajn	7	157	I	801
1548	Klara	Sokolowska	3	172	V	557
1549	Barbara	Josiak	5	62	I	3281
1550	Beata	Walczak	5	182	IV	986
1551	Beata	Rompalska	5	71	I	2272
1552	Krystiana	Wolna	2	117	III	2215
1553	Anna	Rozalska	5	125	I	471
1554	Czeslaw	Kawa	2	43	I	3138
1555	Dorota	Lichwa	3	56	I	1005
1556	Mateusz	Kozlowski	1	46	I	3332
1557	Mateusz	Ceglarz	4	74	I	771
1558	Andrzej	Balicki	2	114	I	2463
1559	Halina	Malewska	5	197	V	2999
1560	Bartosz	Pawlik	1	211	I	2115
1561	Marek	Majcher	2	47	I	3128
1562	Rafal	Wozny	5	167	II	1187
1563	Mieczyslaw	Zuchowski	2	82	I	1745
1564	Ziemowit	Szczepanski	1	219	III	1834
1565	Anna	Pankiewicz	5	123	I	2463
1566	Zbigniew	Ostrowski	2	192	II	2095
1567	Daria	Antonkiewicz	5	171	I	848
1568	Renata	Chyla	3	121	II	3318
1569	Karina	Urban	5	2	II	1392
1570	Anna	Dudek	1	219	II	3196
1571	Piotr	Chwalek	9	154	I	982
1572	Zygfryd	Lechowski	2	76	I	2032
1573	Irena	Calka	5	11	I	3103
1574	Karol	Wiercioch	2	8	III	1875
1575	Tomasz	Cwierz	5	29	IV	666
1576	Adam	Kanarek	4	64	I	1134
1577	Beata	Tyliba	5	189	IV	3223
1578	Ewa	Bartosz	1	152	I	2717
1579	Piotr	Smietanski	2	60	IV	3233
1580	Slawomir	Malcharek	2	129	II	607
1581	Lechoslaw	Bitwa	1	206	I	1641
1582	Aleksander	Polak	2	163	I	1516
1583	Janusz	Kmicic	2	7	I	1121
1584	Cezar	Pawlak	3	12	I	1693
1585	Mateusz	Symanski	2	115	V	955
1586	Maria	Kazmierowska	2	144	I	859
1587	Mateusz	Szwaja	9	44	I	649
1588	Ewa	Laczna	3	144	V	2539
1589	Irena	Magiera	2	184	I	1898
1590	Pawel	Jakubowski	4	101	II	1145
1591	Karol	Szymanski	2	74	I	2706
1592	Adam	Nieweglowski	5	166	I	2497
1593	Leszek	Kieslowski	5	23	I	1190
1594	Piotr	Bielawa	3	145	I	3047
1595	Konstantyn	Sokolowski	3	103	III	1293
1596	Lech	Balickiewicz	5	75	I	2987
1597	Marek	Kwolek	2	156	I	2982
1598	Anna	Galaszewska	2	206	I	3016
1599	Agnieszka	Garbaczyk	2	48	I	2910
1600	Laura	Cedro	5	146	I	2764
1601	Rita	Pieczenczyk	2	219	II	2229
1602	Waclawa	Borkowska	3	179	I	1683
1603	Adrian	Melnik	2	128	I	424
1604	Anna	Czernicka	2	53	I	2437
1605	Czeslaw	Balonski	1	115	I	629
1606	Agnieszka	Banczak	3	30	I	2368
1607	Oskar	Piekarski	3	138	II	401
1608	Wieslaw	Mazurek	3	153	II	2574
1609	Walenty	Mondkiewicz	3	123	III	1793
1610	Mateusz	Felerski	5	51	I	2355
1611	Roza	Zawodna	7	48	III	2291
1612	Wladyslawa	Bijak	2	194	V	1271
1613	Bozena	Chechelska	5	71	I	870
1614	Adam	Sasimski	7	163	I	2957
1615	Julianna	Abacka	3	68	IV	2583
1616	Krzysztof	Chojnacki	5	190	I	2422
