id_studenta	imię	nazwisko	id_uczelnia	miejsce_zam	rok_studiow	dochod_na_osobe
701	Beata	Stan	2	Aleksandrow Kujawski	I	2033
1346	Jan	Witaj	5	Aleksandrow Kujawski	I	400
626	Helena	Gawlicz	5	Aleksandrow Kujawski	I	2349
449	Konstanty	Banasikowski	2	Alwernia	I	2568
924	Pawel	Banasiak	2	Alwernia	I	3317
1164	Michal	Kupiec	5	Alwernia	II	936
1569	Karina	Urban	5	Alwernia	II	1392
288	Daria	Dyrbusz	5	Alwernia	I	1779
1488	Ewelina	Chojna	7	Alwernia	I	355
1156	Tomasz	Gates	8	Alwernia	II	1421
602	Ewa	Barek	9	Alwernia	I	2880
379	Wioletta	Kucharska	3	Baborow	II	1209
468	Barbara	Olszewska	5	Baborow	IV	1528
821	Joanna	Bycz	5	Baborow	III	1555
1107	Maria	Chojnacka	4	Barlinek	I	1239
1198	Alicja	Kwasniak	3	Barwinek	V	1860
1018	Anna	Ludwin	5	Barwinek	IV	2514
11	Przemyslaw	Planeta	1	Bedzin	V	444
206	Malgorzata	Stojecka	1	Bedzin	I	2932
1583	Janusz	Kmicic	2	Bedzin	I	1121
688	Magdalena	Nadarzyn	2	Bedzin	I	1880
213	Beata	Kowalczyk	2	Bedzin	V	2191
1169	Julia	Adamiak	2	Bedzin	I	2254
1508	Michal	Kowalski	2	Bedzin	V	2706
1218	Alicja	Strojna	2	Bedzin	I	2838
657	Marcin	Bienkowski	2	Bedzin	I	3025
1351	Jerzy	Banan	3	Bedzin	I	1463
64	Boguslawa	Keta	3	Bedzin	II	3013
242	Adam	Witczak	5	Bedzin	III	735
989	Henryk	Walczak	5	Bedzin	II	923
877	Maria	Baron	5	Bedzin	I	1112
72	Danuta	Wojciechowska	5	Bedzin	V	1298
481	Celina	Krotoszyn	5	Bedzin	III	3139
307	Mateusz	Kandora	5	Bedzin	I	3218
994	Roman	Buszek	5	Bezledy	II	771
669	Alicja	Barczynska	5	Bezledy	I	2679
949	Wojciech	Iwanski	7	Bezledy	II	2580
53	Gabriela	Kawka	9	Bezledy	II	2273
1574	Karol	Wiercioch	2	Biala Podlaska	III	1875
489	Karina	Kwiatkowska	2	Biala Podlaska	IV	2751
744	Natasza	Rudnicka	5	Biala Podlaska	III	1178
629	Marek	Nosowski	2	Bialaszewo	I	486
853	Ewelina	Ambroziak	3	Bialaszewo	I	2891
1348	Joanna	Wasowicz	5	Bialaszewo	I	757
767	Edyta	Kurdzielewicz	2	Bialystok	I	2710
1511	Aleksy	Domagalik	4	Bialystok	II	1749
191	Arkadiusz	Godowski	5	Bialystok	II	1845
1122	Aleksy	Rebacz	5	Bialystok	I	2784
954	Mateusz	Kawicki	2	Bielsk Podlaski	I	3253
1055	Ewa	Baranicz	3	Bielsk Podlaski	I	2580
1573	Irena	Calka	5	Bielsk Podlaski	I	3103
645	Katarzyna	Kwiecien	2	Bielsko - Biala	II	772
399	Seweryna	Kotek	2	Bielsko - Biala	II	949
1285	Izabella	Wlodarczak	2	Bielsko - Biala	I	1069
815	Anastazja	Majewska	2	Bielsko - Biala	II	1476
971	Anna	Szafranska	2	Bielsko - Biala	I	1671
102	Stefan	Biegajski	2	Bielsko - Biala	II	1837
78	Karina	Wozniak	2	Bielsko - Biala	V	2485
991	Wieslaw	Bananowski	2	Bielsko - Biala	II	2930
507	Wanda	Szalobryt	3	Bielsko - Biala	II	701
285	Tomasz	Leganowski	3	Bielsko - Biala	IV	2018
1366	Halina	Bajerek	3	Bielsko - Biala	I	2047
753	Katarzyna	Biedka	3	Bielsko - Biala	I	2705
1442	Adam	Lewik	3	Bielsko - Biala	IV	2728
1379	Boguslawa	Sawicka	4	Bielsko - Biala	V	2168
315	Piotr	Kacprzak	5	Bielsko - Biala	I	983
1536	Wiktor	Buczkowski	5	Bielsko - Biala	II	1267
214	Bartlomiej	Stec	5	Bielsko - Biala	I	1453
550	Edward	Bebanek	5	Bielsko - Biala	I	1580
1299	Dorota	Boszcz	5	Bielsko - Biala	I	2162
858	Eustachy	Kendziora	5	Bielsko - Biala	IV	2414
501	Janusz	Bokowski	7	Bielsko - Biala	I	2891
958	Jan	Kamyk	8	Bielsko - Biala	I	2899
542	Marcin	Grabysz	9	Bielsko - Biala	I	2125
1388	Szymon	Kulik	1	Bochnia	I	834
908	Wojciech	Batory	1	Bochnia	II	1442
1278	Marcin	Bydgoski	2	Bochnia	I	578
1506	Boguslawa	Kowalska	2	Bochnia	III	2453
1584	Cezar	Pawlak	3	Bochnia	I	1693
297	Tomasz	Wan	5	Bochnia	II	1258
1343	Adam	Piotrowski	9	Bochnia	V	3121
902	Jakub	Malarski	2	Bozewo	IV	2104
1226	Anna	Kaminska	3	Bozewo	IV	1960
405	Urszula	Sielecka	5	Bozewo	II	435
670	Ewelina	Kobus	2	Bransk	I	811
143	Juliusz	Blazowski	2	Bransk	IV	3144
630	Kamil	Kwiatkowski	2	Bransk	IV	3318
793	Marlena	Warszawska	5	Bransk	I	570
249	Piotr	Garncarz	5	Brzeg Dolny	III	863
185	Walery	Szurkowski	7	Brzeg Dolny	IV	352
1003	Celina	Kubera	5	Brzesko	IV	729
441	Halina	Lakomska	5	Brzesko	I	863
651	Czeslawa	Kalinowska	5	Brzesko	V	2752
864	Elzbieta	Makalu	5	Brzesko	V	2964
1324	Krystyna	Boss	5	Brzesko	I	3040
30	Karol	Krol	7	Brzesko	I	365
735	Michal	Galas	2	Bydgoszcz	I	2461
204	Krzysztof	Checinski	3	Bydgoszcz	I	2484
513	Edyta	Styczen	5	Bydgoszcz	V	3105
935	Pawel	Banasiewicz	2	Bytom	I	579
791	Fryderyka	Radecka	2	Bytom	III	1004
484	Bartosz	Zalecki	2	Bytom	I	1127
1305	Alfred	Babalewski	2	Bytom	I	2451
291	Arkadiusz	Sokolowski	3	Bytom	I	1964
895	Elzbieta	Wielgus	3	Bytom	III	2581
132	Mateusz	Antoniak	3	Bytom	I	2699
990	Kuba	Kaminska	5	Bytom	II	1274
310	Franciszka	Nowicka	5	Bytom	II	1863
1411	Patrycja	Fleisch	7	Bytom	I	585
1495	Zbigniew	Milion	8	Bytom	II	545
1211	Klaudiusz	Sokolowski	8	Bytom	III	1207
286	Sebastian	Adalewski	1	Chalupki	II	2821
819	Roman	Jakubczyk	2	Chalupki	II	1621
686	Maciej	Poradisz	2	Chalupki	III	3037
1414	Piotr	Targosz	3	Chalupki	I	2597
1478	Mateusz	Pyla	5	Chalupki	III	2902
312	Barbara	Wszedobyl	7	Chalupki	I	1182
464	Morfeusz	Grodecki	1	Chelm	I	1713
220	Adrianna	Gorska	2	Chelm	IV	719
1217	Boguslaw	Olszewski	2	Chelm	II	1256
597	Michal	Baja	4	Chelm	I	2916
1197	Robert	Oleszko	5	Chelm	III	1922
383	Slawomira	Czerwiec	5	Chelm	V	2207
1246	Bartlomiej	Konny	5	Chelm	IV	2964
250	Kamil	Dabrowski	2	Chorzow	I	749
784	Magdalena	Batycka	2	Chorzow	I	819
418	Jaroslaw	Krema	2	Chorzow	V	1777
1083	Anna	Kubiak	2	Chorzow	I	3222
531	Katarzyna	Bartecka	3	Chorzow	I	350
620	Stefan	Wlodarczyk	3	Chorzow	IV	571
305	Iwona	Grzybek	3	Chorzow	I	787
225	Roman	Dusza	3	Chorzow	V	838
527	Anna	Horbacz	3	Chorzow	I	1079
1127	Elzbieta	Czwartek	3	Chorzow	I	2846
127	Jakub	Wtorek	3	Chorzow	V	3263
1310	Andrzej	Barabuk	4	Chorzow	I	1227
974	Michal	Piechota	4	Chorzow	V	1748
186	Karol	Kopycki	5	Chorzow	I	794
574	Jakub	Dukowski	5	Chorzow	I	2983
169	Janusz	Wysocki	8	Chorzow	I	1191
227	Joanna	Dymna	9	Chorzow	I	2137
1293	Jacek	Huzar	10	Chorzow	V	1559
406	Ewelina	Katowicka	2	Chyzne	I	2357
25	Tomasz	Tutaj	2	Chyzne	II	3079
126	Klemens	Rokosz	3	Chyzne	I	667
245	Agnieszka	Malbolrska	3	Chyzne	I	2814
1318	Kamil	Klimintowicz	5	Chyzne	III	2101
1471	Olgierd	Rokpol	4	Ciechanow	I	3348
1593	Leszek	Kieslowski	5	Ciechanow	I	1190
378	Weronika	Zawadzka	5	Ciechanow	I	1859
997	Aleksandra	Pietak	5	Ciechanow	I	2499
1048	Hanna	Aleksy	9	Ciechanow	I	3031
1409	Alina	Nowak	3	Ciechocinek	I	1234
170	Adam	Baryla	3	Ciechocinek	I	1347
1533	Jan	Oleksy	3	Ciechocinek	III	3180
850	Jacek	Halemba	4	Ciechocinek	II	1165
703	Hanna	Okularczyk	2	Cieszyn	I	507
779	Adam	Tuszynski	2	Cieszyn	I	2269
981	Ryszard	Skrzypczyk	3	Cieszyn	III	1049
803	Patryk	Fiszer	3	Cieszyn	I	1576
988	Gabriela	Zajac	3	Cieszyn	II	1757
839	Przemyslaw	Choloniewski	4	Cieszyn	V	2602
1283	Tadeusz	Sadowski	5	Cieszyn	II	1003
1309	Kamil	Sokolowski	5	Cieszyn	V	1845
69	Aleksandra	Drabicka	5	Cieszyn	I	2163
555	Tomasz	Muc	8	Cieszyn	IV	1243
166	Grazyna	Chrust	2	Czestochowa	I	792
1408	Joanna	Warzecha	2	Czestochowa	III	833
511	Tomasz	Kajdasiewicz	2	Czestochowa	III	1486
49	Anna	Tabor	2	Czestochowa	I	1777
1449	Jan	Majewski	2	Czestochowa	I	2899
318	Aleksander	Biborski	2	Czestochowa	III	3254
1467	Nicola	Oleksza	3	Czestochowa	I	381
34	Jacek	Witebski	5	Czestochowa	I	1168
1303	Gorzegorz	Turek	5	Czestochowa	I	2498
409	Jan	Urbanski	10	Czestochowa	I	2124
1028	Honorata	Jasinska	2	Dabrowa Gornicza	II	530
1009	Celestyna	Ozga	2	Dabrowa Gornicza	II	1377
1485	Patryk	Barcikowski	2	Dabrowa Gornicza	I	2031
368	Karol	Anarchista	2	Dabrowa Gornicza	II	2716
724	Jozef	Biegar	3	Dabrowa Gornicza	I	2878
903	Oskar	Rakowski	5	Dabrowa Gornicza	I	475
88	Agnieszka	Muszynska	5	Dabrowa Gornicza	I	795
967	Eustachy	Pustulka	5	Dabrowa Gornicza	III	1080
247	Aneta	Klucha	5	Dabrowa Gornicza	I	1165
416	Ewelia	Kolanko	5	Dabrowa Gornicza	I	3336
1503	Malgorzata	Podsiadlo	2	Daszyna	I	1164
918	Aleksy	Wur	2	Debica	V	1021
75	Witold	Basik	2	Debica	II	2428
859	Karolina	Bromska	2	Debica	I	2480
1606	Agnieszka	Banczak	3	Debica	I	2368
1455	Marcin	Szumowski	2	Deblin	I	1310
1172	Krzysztof	Wachowicz	3	Deblin	I	1928
580	Paulina	Uszek	3	Deblin	I	1937
1174	Kamil	Wojcicki	5	Deblin	III	1354
1117	Witold	Mus	5	Deblin	V	1912
122	Edyta	Tomczyk	5	Deblin	II	2384
254	Paulina	Raszczyk	5	Deblin	I	2678
276	Franciszek	Kusch	7	Deblin	V	1802
1405	Zygmunt	Augustyniak	9	Deblin	II	2006
809	Artur	Binkowski	2	Debowiec	I	1149
1447	Janusz	Rys	2	Debowiec	V	1216
161	Malgorzata	Szulim	2	Debowiec	I	1899
349	Zofia	Kajzer	8	Debowiec	II	905
175	Dariusz	Adamus	2	Debrzno	I	813
785	Wojciech	Chlebdanowski	3	Debrzno	I	827
1575	Tomasz	Cwierz	5	Debrzno	IV	666
1428	Joanna	Podczasiak	4	Dlugopole-Zdroj	I	921
44	Roman	Aron	5	Dlugopole-Zdroj	I	997
1356	Malgorzata	Cichawa	5	Dlugopole-Zdroj	II	1949
931	Roza	Labaziewicz	7	Dlugopole-Zdroj	II	2958
1195	Ewa	Szczublewska	2	Dobieszowice	I	420
969	Rafal	Rybak	2	Dobieszowice	II	1366
1513	Maciej	Kaminski	2	Dobre Miasto	III	1509
817	Oskar	Kozlowski	2	Dobre Miasto	I	1767
1377	Jerzy	Soplica	4	Dobre Miasto	I	2472
1241	Joanna	Nowak	8	Dobre Miasto	I	2178
849	Andrzej	Bilinski	10	Dobre Miasto	I	1048
292	Zofia	Bylska	1	Dzierzoniow	II	1822
142	Beata	Domnicz	3	Dzierzoniow	V	3177
1417	Malgorzata	Balinska	2	Elblag	I	1709
952	Kamil	Bartnik	2	Elblag	I	1718
400	Jowita	Adamska	2	Elblag	IV	1771
522	Jolanta	Turlej	2	Elk	V	3344
1098	Zbigniew	Stypula	5	Elk	I	1878
1492	Malgorzata	Bronicz	5	Elk	I	2290
772	Miroslawa	Czarnoleska	7	Elk	I	466
473	Jan	Kozak	7	Elk	III	3021
960	Ryszard	Grabowski	2	Gdansk	III	728
262	Wawrzyniec	Kozina	2	Gdansk	I	2700
773	Wawrzyniec	Surowka	3	Gdansk	IV	1644
1113	Izabella	Beniowska	3	Gdansk	I	3322
676	Oskar	Kolodziej	2	Gdynia	II	1535
137	Janusz	Aleksandrowicz	2	Gdynia	I	2701
905	Jaromir	Szybki	2	Gieblo	IV	679
1542	Kamil	Baranowski	2	Gieblo	I	2743
1461	Rafal	Radwan	2	Gieblo	IV	2914
582	Beata	Cagara	2	Gieraltowice	IV	1698
840	Sebastian	Carek	2	Gieraltowice	II	2328
1391	Ewelina	Rykala	3	Gieraltowice	I	1236
33	Celina	Koral	3	Gieraltowice	V	1242
152	Mikolaj	Jozwiak	3	Gieraltowice	I	1880
266	Krzysztof	Antczak	4	Gieraltowice	I	2472
1203	Grzegorz	Misiek	5	Gieraltowice	III	3156
993	Bronislaw	Hubertus	7	Gieraltowice	I	2912
1253	Ireneusz	Banaszkiewicz	9	Gieraltowice	I	1251
1493	Paulina	Malecka	10	Gieraltowice	I	2037
543	Jan	Chylak	2	Gliwice	I	1224
390	Emilia	Katanak	2	Gliwice	I	1422
180	Roman	Persinski	2	Gliwice	II	1431
1474	Marcin	Budzisz	2	Gliwice	I	1837
361	Krzysztof	Lis	2	Gliwice	I	2032
417	Mateusz	Majewski	2	Gliwice	II	2270
1369	Joanna	Majeczek	2	Gliwice	I	3060
1554	Czeslaw	Kawa	2	Gliwice	I	3138
1308	Kinga	Pogoda	2	Gliwice	I	3213
1032	Mikolaj	Pietras	3	Gliwice	I	2686
610	Monika	Chrzanik	3	Gliwice	I	2943
1268	Malwina	Manna	3	Gliwice	III	3161
880	Dominik	Marek	5	Gliwice	IV	519
303	Boleslawa	Kucharska	5	Gliwice	V	1291
246	Karolina	Rosiak	5	Gliwice	I	1417
329	Michal	Antkowicz	5	Gliwice	I	2265
1519	Janusz	Kowalonek	7	Gliwice	II	1974
1027	Anna	Krakowska	2	Glubczyce	I	3035
1005	Amelia	Awast	3	Glubczyce	I	3321
727	Wiktoria	Dobosz	5	Glubczyce	V	2498
1097	Juliusz	Piechocki	5	Glubczyce	IV	3134
287	Bronislawa	Chmielewska	8	Glubczyce	IV	2931
1587	Mateusz	Szwaja	9	Glubczyce	I	649
1214	Tomasz	Adamiecki	1	Glucholazy	II	661
502	Elzbieta	Jaworska	1	Glucholazy	II	804
239	Piotr	Nowicki	2	Glucholazy	IV	1121
835	Filip	Balica	2	Glucholazy	I	1617
1071	Karolina	Biegajczyk	2	Glucholazy	I	2054
975	Krystyna	Brylka	2	Glucholazy	V	2256
1149	Mariusz	Adamowiczek	2	Glucholazy	I	2393
4	Michal	Rada	3	Glucholazy	II	1712
1231	Zofia	Sikora	5	Glucholazy	II	1866
1556	Mateusz	Kozlowski	1	Gorki Male	I	3332
495	Franciszka	Czemisow	2	Gorki Male	II	456
121	Konstancja	Raszyn	2	Gorki Male	II	2946
273	Ewa	Berak	5	Gorki Male	I	2110
1400	Alicja	Gorniak	10	Gorki Male	I	658
1561	Marek	Majcher	2	Gorzow Wielkopolski	I	3128
720	Aleksander	Pawlak	3	Gorzow Wielkopolski	III	705
1141	Danuta	Jachimowicz	5	Gorzow Wielkopolski	I	705
107	Marcin	Bacz	7	Gorzow Wielkopolski	I	2973
452	Kinga	Celeborska	2	Gostyn	I	940
1599	Agnieszka	Garbaczyk	2	Gostyn	I	2910
1515	Jozafat	Marcinkiewicz	2	Gostyn	III	3054
1611	Roza	Zawodna	7	Gostyn	III	2291
778	Sebastian	Kalicki	2	Grudziadz	II	1441
1523	Tomasz	Gwozdziewicz	2	Grudziadz	II	1995
98	Waclawa	Kasperek	2	Grudziadz	II	2710
1337	Krystyna	Zukowska	3	Grudziadz	I	1150
279	Tadeusz	Regulski	2	Gryfice	I	1075
520	Witold	Halama	5	Gryfice	II	1557
1215	Dominik	Rolla	5	Gryfice	I	3078
996	Szymon	Wcislowski	8	Gryfice	II	1444
792	Boleslawa	Sarna	9	Gryfice	V	1915
1425	Adam	Prokop	2	Gubin	I	898
1504	Wioletta	Oliwa	5	Gubin	III	762
1610	Mateusz	Felerski	5	Gubin	I	2355
92	Maciej	Golec	2	Halinow	II	1906
112	Grazyna	Pawlowska	3	Halinow	V	2799
1483	Alicja	Chrzan	8	Halinow	I	1489
210	Marek	Lichwa	2	Hrebenne	V	2321
1604	Anna	Czernicka	2	Hrebenne	I	2437
556	Piotr	Cholewa	7	Hrebenne	II	2318
46	Martyna	Bobrowska	3	Ilawa	III	1263
612	Michal	Lowik	5	Ilawa	III	1437
1160	Michal	Zwierzynski	5	Inowroclaw	I	1370
1205	Agnieszka	Malicka	2	Istebna	I	644
533	Maciej	Knapik	2	Istebna	IV	1056
536	Bozena	Chmielewska	2	Istebna	II	1835
402	Maja	Mazurkiewicz	3	Istebna	I	511
1555	Dorota	Lichwa	3	Istebna	I	1005
1067	Zygmunt	Czajkowski	3	Istebna	II	2861
1357	Danuta	Pietruszka	4	Istebna	I	918
571	Krzysztof	Kryszkiewicz	5	Istebna	III	390
357	Bartlomiej	Kardys	5	Izbica Kujawska	I	1646
411	Barbara	Przybylek	9	Izbica Kujawska	III	2187
313	Izolda	Jaros	2	Jakuszyce	I	2207
1213	Maja	Jedrzejczyk	2	Jaslo	I	838
1498	Dawid	Adamek	2	Jaslo	I	1512
436	Marta	Gilowska	2	Jaslo	I	1572
1024	Karol	Brodowicz	3	Jaslo	IV	1519
61	Hanna	Baron	3	Jaslo	I	2509
497	Sabina	Balcerek	5	Jaslo	II	1840
1115	Agata	Altman	5	Jaslo	I	2584
1210	Anastazja	Haszczyc	5	Jaslo	IV	2724
1277	Karolina	Michalec	5	Jaslo	I	2797
1287	Jedrzej	Kurzawinskai	5	Jaslo	V	3296
1125	Celina	Bekasiewicz	8	Jaslo	I	1526
83	Jaroslaw	Firek	8	Jaslo	IV	2697
466	Paulina	Dykiel	2	Jastrzebie-Zdroj	I	1995
1579	Piotr	Smietanski	2	Jastrzebie-Zdroj	IV	3233
1044	Elwira	Banowicz	3	Jastrzebie-Zdroj	I	1397
1295	Dariusz	Kratka	3	Jastrzebie-Zdroj	I	2509
977	Maria	Bakala	5	Jastrzebie-Zdroj	I	2293
324	Andrzej	Knot	7	Jastrzebie-Zdroj	I	356
804	Wislawa	Maciejewska	8	Jastrzebie-Zdroj	IV	3031
799	Oliwia	Bogdal	1	Jaworzno	III	2021
1036	Jozef	Maj	2	Jaworzno	II	1191
141	Aleksy	Pobereznik	2	Jaworzno	III	3152
1537	Alicja	Kraus	3	Jaworzno	I	3162
97	Anna	Pulka	5	Jaworzno	I	1600
14	Teresa	Kuc	5	Jaworzno	II	2602
827	Iwona	Bardzio	5	Jaworzno	I	3124
100	Malgorzata	Balcerzak	2	Jaworzynka	I	748
153	Olga	Berus	2	Jaworzynka	I	2791
444	Karol	Mroczek	2	Jaworzynka	V	2947
757	Malgorzata	Bronislawska	3	Jaworzynka	I	735
942	Zofia	Maciarz	3	Jaworzynka	V	1299
358	Katarzyna	Pakulska	5	Jaworzynka	I	767
1167	Stefan	Blazejczyk	5	Jaworzynka	II	1799
1549	Barbara	Josiak	5	Jaworzynka	I	3281
889	Anna	Oman	2	Jedrzejow	I	1445
725	Pawel	Beryl	2	Jedrzejow	I	2101
775	Mateusz	Cisek	2	Jedrzejow	I	2376
884	Radomil	Grudzien	3	Jedrzejow	V	2077
1229	Natalia	Sobolewska	3	Jedrzejow	I	2408
117	Amadeusz	Toborek	3	Jedrzejow	II	2469
212	Zofia	Cedrowska	5	Jedrzejow	II	805
1453	Anna	Marciniak	5	Jedrzejow	V	3038
1349	Przemyslaw	Dobrzynski	7	Jedrzejow	I	2648
593	Klaudia	Janecka	1	Jejkowice	I	1257
1031	Franciszek	Piaty	2	Jejkowice	IV	1202
722	Jakub	Kanciala	2	Jejkowice	I	2021
8	Wojciech	Zaluski	3	Jejkowice	II	2141
1163	Beata	Gajewska	5	Jejkowice	I	455
1209	Tomasz	Szymik	5	Jejkowice	V	2629
818	Pawel	Guzik	9	Jejkowice	II	596
81	Nikodem	Nowicki	9	Jejkowice	V	1703
1191	Kinga	Pisarska	9	Jejkowice	I	2716
1576	Adam	Kanarek	4	Jelenia Gora	I	1134
745	Wojciech	Kwiecien	5	Jelenia Gora	II	956
1499	Ewa	Malkowska	2	Jezewo	I	1388
1135	Iwona	Kedrak	2	Jezewo	III	3062
731	Lechoslaw	Nowakowicz	5	Jezewo	II	1084
837	Oskar	Ryba	2	Jozefow	II	2275
1481	Martyn	Milek	3	Jozefow	IV	1363
813	Beata	Nowotarska	2	Julianka	I	443
1615	Julianna	Abacka	3	Julianka	IV	2583
1221	Adrian	Banaszczyk	5	Julianka	I	697
717	Jan	Janosik	5	Julianka	III	736
1057	Wioletta	Maciejewska	2	Kalisz	V	668
896	Elzbieta	Kwiatkowska	5	Kalisz	III	1590
1016	Zofia	Staniec	3	Karniewo	II	610
1412	Adam	Cichowas	5	Karniewo	I	2865
523	Kamil	Gruca	5	Karniewo	I	3300
475	Lew	Wiejski	1	Katowice	I	1787
1091	Rafal	Wierzbicki	1	Katowice	I	2823
1216	Beata	Podlaska	2	Katowice	I	354
972	Malgorzata	Koczorowska	2	Katowice	I	431
596	Milosz	Michalski	2	Katowice	II	493
1056	Serafin	Symanski	2	Katowice	II	683
376	Urszula	Wawrzynczyk	2	Katowice	II	856
723	Julia	Pondo	2	Katowice	I	1019
614	Tomasz	Basinski	2	Katowice	II	1032
1282	Borys	Zimnowoda	2	Katowice	I	1058
1094	Elzbieta	Matczak	2	Katowice	V	1528
891	Paulina	Wierzchowska	2	Katowice	I	1554
327	Klaudia	Kotowicz	2	Katowice	I	1950
894	Tadeusz	Kotowicz	2	Katowice	II	1950
79	Michal	Kostrzewa	2	Katowice	III	2267
524	Daniel	Filipek	2	Katowice	I	2302
841	Karol	Wlodek	2	Katowice	IV	2534
525	Beata	Dabrowska	2	Katowice	II	2576
790	Patryk	Gruszka	2	Katowice	III	2625
1023	Edyta	Wojcik	2	Katowice	III	2649
1121	Dominika	Pudlowicz	2	Katowice	I	2824
404	Jan	Ciebiera	2	Katowice	I	2898
650	Kamil	Polkowski	3	Katowice	II	357
1328	Wlodzislaw	Wojtowicz	3	Katowice	V	807
478	Halina	Kuchar	3	Katowice	I	859
1546	Rafal	Swiderski	3	Katowice	I	1310
299	Piotr	Piwnik	3	Katowice	I	1592
675	Andrzej	Wisniewski	3	Katowice	I	2322
300	Jan	Bator	3	Katowice	I	2738
1132	Marek	Zawodnik	3	Katowice	I	3294
919	Bogumila	Piotrowska	3	Katowice	II	3306
758	Szymon	Perczynski	4	Katowice	III	1216
1444	Kacper	Billa	4	Katowice	IV	2354
295	Janina	Bernacik	4	Katowice	I	2356
1482	Janina	Ciechanowicz	4	Katowice	I	2829
1475	Adrianna	Tarara	4	Katowice	II	3255
560	Feliks	Bawarski	5	Katowice	I	433
1154	Aleksandra	Koszewska	5	Katowice	I	700
1613	Bozena	Chechelska	5	Katowice	I	870
1201	Julita	Burza	5	Katowice	II	882
1456	Anastazja	Czarnecka	5	Katowice	II	1700
882	Urszula	Czajka	5	Katowice	II	1846
1522	Sergiusz	Migdalowski	5	Katowice	IV	2008
130	Iwona	Nyska	5	Katowice	I	2169
1010	Lucja	Wicinska	5	Katowice	I	2180
1551	Beata	Rompalska	5	Katowice	I	2272
1429	Hanna	Cabaj	5	Katowice	V	2281
326	Piotr	Tyborowski	5	Katowice	III	2325
812	Mariusz	Garlowski	5	Katowice	II	2438
1101	Barbara	Swiegoda	5	Katowice	I	2919
1069	Patryk	Sowa	5	Katowice	IV	2922
916	Barbara	Chudzik	5	Katowice	III	3011
455	Szymon	Wawron	5	Katowice	II	3312
32	Jan	Tyranowski	5	Katowice	III	3333
947	Agnieszka	Stachowiak	7	Katowice	I	3199
529	Wanda	Pacula	8	Katowice	II	2350
218	Maciej	Mijak	8	Katowice	V	2408
1194	Witold	Czarnecki	1	Kedzierzyn-Kozle	II	3010
1505	Eustachy	Czyrnek	2	Kedzierzyn-Kozle	IV	536
1304	Alicja	Kwiecinska	2	Kedzierzyn-Kozle	I	632
1064	Michalina	Busz	2	Kedzierzyn-Kozle	IV	639
413	Anastazja	Gruzin	2	Kedzierzyn-Kozle	V	983
1237	Dominik	Balik	2	Kedzierzyn-Kozle	II	1068
992	Roman	Szumylowicz	2	Kedzierzyn-Kozle	IV	1176
726	Paulina	Bulejska	2	Kedzierzyn-Kozle	I	1286
1383	Danuta	Krak	2	Kedzierzyn-Kozle	I	2171
420	Mateusz	Orlicki	2	Kedzierzyn-Kozle	I	2467
105	Michal	Bilski	2	Kedzierzyn-Kozle	II	2807
1247	Janina	Giza	2	Kedzierzyn-Kozle	I	3335
729	Karol	Anyzkiewicz	3	Kedzierzyn-Kozle	II	2274
1266	Joanna	Bilska	3	Kedzierzyn-Kozle	I	2807
457	Tymon	Abacki	4	Kedzierzyn-Kozle	III	963
471	Monika	Rybicka	4	Kedzierzyn-Kozle	I	1111
203	Arkadiusz	Bracki	4	Kedzierzyn-Kozle	V	2665
131	Cecylia	Czylok	5	Kedzierzyn-Kozle	I	828
189	Kacper	Slawinski	8	Kedzierzyn-Kozle	III	1901
823	Robert	Kasa	10	Kedzierzyn-Kozle	I	2535
1591	Karol	Szymanski	2	Kepice	I	2706
1399	Janusz	Slomski	3	Kepice	III	2778
1557	Mateusz	Ceglarz	4	Kepice	I	771
233	Lucyna	Sokolowska	5	Kepice	I	2980
1244	Roman	Jarosz	8	Kepice	III	2129
1319	Jerzy	Zambrowicz	2	Kety	I	515
114	Damian	Bawicz	3	Kety	I	1161
761	Artur	Chodyrak	5	Kety	I	2338
135	Krzysztof	Krzesinski	8	Kety	I	2586
90	Barbara	Boronowska	1	Kielce	I	874
1060	Karina	Siwczynska	2	Kielce	III	1035
194	Michal	Prazuch	2	Kielce	V	2534
1418	Justyna	Sliwinska	2	Kielce	I	2818
1049	Alina	Literacka	5	Kielce	I	576
1394	Anna	Ostrowska	5	Kielce	I	622
1359	Zofia	Bakus	5	Kielce	II	945
713	Jan	Matczak	5	Kielce	I	2042
1596	Lech	Balickiewicz	5	Kielce	I	2987
739	Tomasz	Suder	5	Kielce	I	2998
1518	Jakub	Grzybowski	7	Kielce	I	2915
1398	Arnold	Bandera	8	Kielce	I	500
118	Jakub	Socha	8	Kielce	I	2025
1255	Juliusz	Linek	2	Kleszczow	I	1244
1572	Zygfryd	Lechowski	2	Kleszczow	I	2032
788	Waclawa	Zaba	2	Kleszczow	IV	2347
1452	Oskar	Ploszaj	5	Kleszczow	II	1257
199	Robert	Chochol	5	Kleszczow	II	1680
190	Ewelina	Hassan	5	Kleszczow	V	2767
474	Wiera	Augustowska	2	Klomnice	II	872
125	Jaroslaw	Bajda	2	Klomnice	I	1182
371	Kaja	Karnawal	2	Klomnice	IV	2377
577	Zofia	Adamowicz	5	Klomnice	II	439
1200	Jakub	Szczepanski	5	Klomnice	I	1120
1516	Miron	Mewa	5	Klomnice	V	2311
638	Iwona	Kromolowska	5	Klomnice	I	2387
1119	Adam	Beben	2	Kobylin	I	2162
1458	Beata	Pogonska	1	Kobylin-Borzymy	IV	2983
1129	Robert	Zalesiak	3	Kobylin-Borzymy	I	1115
663	Lechoslawa	Burcz	8	Kobylin-Borzymy	III	2874
437	Honorata	Caban	2	Kogutek	II	689
1120	Roksana	Kajka	2	Kogutek	II	2036
752	Kinga	Krol	2	Kogutek	III	3262
6	Marcin	Biernat	3	Kogutek	I	931
1275	Andrzej	Kononowicz	3	Kogutek	IV	2730
581	Andrzej	Kuras	1	Kolbaskowo	V	838
42	Monika	Chojecka	5	Kolbaskowo	I	2124
36	Bartosz	Samek	2	Koniakow	I	543
915	Wojciech	Augustowski	2	Koniakow	II	814
5	Pawel	Milek	2	Koniakow	IV	1459
1563	Mieczyslaw	Zuchowski	2	Koniakow	I	1745
1159	Szymon	Brandys	2	Koniakow	II	2119
298	Alicja	Miskowiec	2	Koniakow	V	2730
337	Jagna	Meller	2	Koniakow	V	3247
1296	Krystyna	Charkow	3	Koniakow	I	398
1423	Zofia	Cybulska	3	Koniakow	II	2100
968	Lucyna	Sokolowska	3	Koniakow	II	2284
248	Bartosz	Adamiec	3	Koniakow	I	2668
1472	Adrianna	Wojtas	3	Koniakow	II	2746
366	Joanna	Chodyra	3	Koniakow	I	3225
781	Angelika	Koszka	3	Koniakow	I	3338
459	Wieslawa	Bedynska	5	Koniakow	II	593
759	Jowita	Farcik	5	Koniakow	IV	2443
702	Juliusz	Wozniak	7	Koniakow	I	1523
281	Aleksander	Ogonowski	8	Koniakow	I	1229
424	Tomasz	Bronikowski	2	Konin	I	1304
655	Pawel	Pawlowski	3	Konin	I	2802
1079	Dariusz	Barcinski	5	Konin	II	1115
1396	Cecylia	Jaskolska	1	Koscian	III	3050
941	Sylwia	Filipowicz	2	Koscian	II	2693
1245	Lukasz	Kotala	3	Koscian	II	653
216	Stefania	Stolowska	3	Koscian	II	2867
271	Seweryn	Wawa	2	Kostrzyn	IV	1309
91	Ireneusz	Pazdziernik	3	Koszalin	II	2759
661	Aleksandra	Wybraniec	5	Koszalin	I	764
467	Adam	Bednarczyk	2	Krapkowice	I	1303
13	Kamil	Berakacz	2	Krapkowice	I	1765
101	Kacper	Wosik	2	Krapkowice	I	2343
1382	Wislawa	Slonina	3	Krapkowice	IV	2012
588	Tomasz	Ichniowski	5	Krapkowice	II	783
743	Michal	Czajczyk	3	Krasnik	I	3080
1144	Anna	Michajlow	5	Krasnik	I	2312
1374	Barbara	Kaczmarek	2	Krosno	II	2792
1373	Piotr	Baranski	2	Krosno	I	2861
1088	Irmina	Kilen	3	Krosno	I	1985
747	Agnieszka	Dziernanowska	3	Krosno	I	2982
1	Jadwiga	Baranowska	5	Krosno	I	2382
936	Wiktor	Buchta	8	Krosno	III	1652
140	Karina	Mikolajczak	2	Kruszwica	I	642
111	Janusz	Judycki	4	Kruszwica	I	1361
1130	Adrianna	Wojtczak	4	Kruszwica	I	2847
492	Marek	Piec	5	Kruszwica	V	3259
922	Malgorzata	Janowska	2	Krzeszowice	II	1464
631	Adam	Banas	2	Krzeszowice	I	1991
1080	Jerzy	Obornicki	2	Krzeszowice	I	2015
1392	Jedrzej	Banas	5	Krzeszowice	V	2002
583	Barbara	Balwierz	5	Krzeszowice	V	2746
644	Alicja	Medynska	3	Krzyz Wielkopolski	I	590
892	Zofia	Chalupka	5	Kudowa-Slone	II	3255
836	Patrycja	Kantor	2	Kuznia Raciborska	IV	534
1257	Anna	Sobol	2	Kuznia Raciborska	I	1204
1340	Jan	Wilczek	2	Kuznia Raciborska	I	1387
301	Eleonora	Mrowka	2	Kuznia Raciborska	I	2064
394	Adam	Loziczonek	2	Kuznia Raciborska	II	2100
352	Jadwiga	Beben	2	Kuznia Raciborska	V	2998
966	Zofia	Klein	3	Kuznia Raciborska	III	849
965	Wojciech	Sobczak	3	Kuznia Raciborska	I	2626
1058	Julita	Ciecierska	5	Kuznia Raciborska	I	1273
1306	Matylda	Marzec	5	Kuznia Raciborska	II	2995
766	Dariusz	Chrascik	5	Kuznia Raciborska	IV	3152
272	Renata	Kaluza	8	Kuznia Raciborska	II	2790
627	Tomasz	Mazurek	3	Kuznica Bialostocka	V	2409
222	Maciej	Buzek	5	Kuznica Bialostocka	V	1311
1290	Sabina	Krakowiak	5	Lazy	II	2800
322	Marzena	Skrzypek	9	Lazy	V	2409
898	Sobieslaw	Bulwan	3	Leczyca	I	970
156	Barbara	Kotwicka	5	Leczyca	V	2308
600	Marcin	Jader	2	Ledziny	I	1074
1440	Natalia	Zawalinska	2	Ledziny	I	1082
148	Magdalena	Wawrzyn	2	Ledziny	I	1189
950	Elzbieta	Zagorska	3	Ledziny	IV	486
1188	Wiga	Debska	3	Ledziny	II	523
1236	Ewa	Biel	3	Ledziny	I	2416
1089	Malgorzata	Pietrzyk	3	Ledziny	I	3243
45	Joanna	Lodziarz	5	Ledziny	I	602
289	Olga	Gonerska	5	Ledziny	I	1990
1397	Piotr	Siudut	5	Ledziny	I	2195
1054	Dorota	Roos	9	Ledziny	I	852
58	Radomila	Bojka	9	Ledziny	III	1403
453	Mateusz	Bednarek	2	Legionowo	I	507
1072	Kajetan	Kuzon	2	Legionowo	I	1249
1004	Faustyn	Katana	3	Legionowo	I	3318
278	Karolina	Weiss	2	Legnica	I	871
1501	Elzbieta	Kosinska	2	Legnica	I	2455
579	Konstantyn	Piatek	5	Legnica	I	350
182	Wojciech	Kujdowicz	5	Legnica	V	2637
386	Tomasz	Nawrot	2	Leszno	II	383
398	Karol	Zalewski	2	Leszno	I	2978
74	Maria	Swoboda	3	Leszno	I	1032
711	Anna	Bugajska	2	Limanowa	I	412
741	Roman	Kolek	2	Limanowa	I	674
1062	Danuta	Bialecka	2	Limanowa	I	685
570	Krzysztof	Chorzyk	2	Limanowa	I	1037
1103	Elzbieta	Matuszewska	2	Limanowa	I	1140
1166	Dariusz	Konczak	2	Limanowa	I	2351
521	Teresa	Gryglak	2	Limanowa	II	3117
1030	Mateusz	Switaj	3	Limanowa	I	1947
28	Piotr	Skiba	3	Limanowa	III	2917
1192	Wojciech	Jagodzinski	5	Limanowa	V	818
321	Milosz	Ostrowski	5	Limanowa	I	978
1390	Mikolaj	Mela	5	Limanowa	III	2192
423	Gracja	Kozlowska	5	Limanowa	I	3330
472	Adam	Grabczak	8	Limanowa	IV	1116
1590	Pawel	Jakubowski	4	Lodz	II	1145
1042	Maksym	Majewski	2	Lomza	III	1309
35	Karol	Kedzierski	3	Lomza	III	1374
1165	Elzbieta	Lubanska	1	Lubaczow	I	2715
67	Anna	Barcikowska	2	Lubaczow	I	3099
407	Kinga	Wronska	2	Lubaczow	II	3271
1459	Klaudia	Dziarska	4	Lubaczow	V	1945
787	Jolanta	Zarebska	2	Lublin	I	885
1335	Aleksandra	Piotrowska	2	Lublin	I	1210
134	Michal	Salacinski	2	Lublin	II	1608
1595	Konstantyn	Sokolowski	3	Lublin	III	1293
438	Franciszek	Szybinski	3	Lublin	V	1776
375	Jaroslaw	Kata	4	Lublin	I	2437
350	Iwona	Pawlowska	4	Lublin	III	2942
264	Klemens	Radzik	5	Lublin	II	672
834	Joanna	Andrychowicz	5	Lublin	I	1032
1151	Kacper	Sokolowski	5	Lublin	II	1241
336	Kacper	Wozniak	7	Lublin	V	1897
1138	Stanislaw	Zelazko	2	Lubliniec	V	1363
1118	Przemyslaw	Lipert	2	Lubliniec	II	1929
1248	Dorota	Chojnacka	2	Lubliniec	III	2107
1272	Natalia	Rybinska	2	Lubliniec	I	2872
251	Marek	Majchrowicz	3	Lubliniec	I	2405
1204	Rafal	Szkwarek	3	Lubliniec	IV	2859
1240	Michal	Piwonski	5	Lubliniec	I	2417
3	Katarzyna	Bilska	5	Lubliniec	I	3037
771	Tomasz	Mieta	5	Lubliniec	II	3329
184	Anna	Owsianka	2	Lwowek Slaski	III	429
625	Jan	Trzmielewski	2	Lwowek Slaski	II	2094
332	Agata	Babulak	3	Lwowek Slaski	I	2170
1050	Karol	Medrzec	5	Malbork	II	1603
1155	Jadwiga	Chaberow	2	Medyka	I	2396
1190	Stanislaw	Pigulski	3	Medyka	II	1340
780	Jerzy	Barczyk	3	Medyka	I	3282
1128	Jan	Bialek	2	Miechow	I	1686
1232	Helena	Bliszczyk	2	Miechow	I	2104
636	Pawel	Janowicz	2	Miechow	I	2133
1085	Andrzej	Blasik	2	Miechow	I	2289
1053	Adam	Wolski	2	Miechow	I	3241
830	Teresa	Grabik	3	Miechow	V	3145
1025	Kamil	Malek	4	Miechow	II	2719
1345	Grzegorz	Kalamar	5	Miechow	II	412
917	Wojtek	Trzconka	5	Miechow	V	1913
340	Anna	Cender	7	Miechow	I	2190
1450	Janina	Witarek	1	Miedzyrzecz	I	1863
192	Tymon	Czarnecki	3	Miedzyrzecze	II	2025
943	Frydryk	Alancki	9	Miedzyrzecze	III	2855
447	Lucjusz	Tokarczyk	2	Mikolajki	II	985
1558	Andrzej	Balicki	2	Mikolajki	I	2463
277	Lukasz	Klos	5	Mikolajki	III	2482
796	Grzegorz	Sawicki	5	Mikolajki	III	2857
1605	Czeslaw	Balonski	1	Mikolow	I	629
874	Marek	Markiewicz	2	Mikolow	I	620
1078	Janusz	Sekula	2	Mikolow	I	850
1585	Mateusz	Symanski	2	Mikolow	V	955
1076	Witold	Muraszkowski	2	Mikolow	II	1357
1177	Wojciech	Mielczarek	2	Mikolow	III	1485
1208	Maciej	Skoczylas	2	Mikolow	I	1809
328	Mateusz	Bartoszewski	2	Mikolow	I	2149
1407	Jolanta	Guryn	2	Mikolow	I	2391
1137	Izabella	Chorzowik	2	Mikolow	I	2409
150	Teofil	Chudy	2	Mikolow	II	2530
1051	Anastazja	Grabowska	2	Mikolow	V	2706
446	Szymon	Maron	3	Mikolow	IV	2372
1361	Witold	Kornacki	3	Mikolow	I	2770
448	Krzysztof	Badura	4	Mikolow	I	637
1333	Mariola	Kucharska	5	Mikolow	I	373
1476	Anna	Marchlewska	5	Mikolow	I	385
714	Michal	Kopernik	5	Mikolow	I	499
493	Marek	Grzeszczak	5	Mikolow	I	508
599	Henryk	Chlopicki	5	Mikolow	I	951
590	Piotr	Kalicinski	5	Mikolow	III	1155
1011	Jerzy	Gibki	5	Mikolow	III	1770
628	Roch	Lechowicz	5	Mikolow	II	2674
9	Martyn	Kowalski	5	Mikolow	V	2713
202	Piotr	Bros	5	Mikolow	V	2849
634	Wojciech	Musiol	5	Mikolow	III	2972
462	Aleksander	Adamczyk	8	Mirow	V	1260
518	Tadeusz	Krason	2	Mlynarze	IV	1894
1552	Krystiana	Wolna	2	Mlynarze	III	2215
558	Agnieszka	Witas	3	Mlynarze	V	1914
317	Zdzislawa	Modrzewska	3	Mlynarze	III	2124
94	Tymon	Czarna	3	Monki	IV	1051
124	Helena	Maczynska	5	Monki	I	2171
868	Jerzy	Kaktus	2	Mordy	I	2732
765	Pawel	Janicki	2	Myslowice	V	1067
540	Alina	Charemska	2	Myslowice	I	1847
215	Katarzyna	Schmidt	2	Myslowice	IV	2151
641	Tomasz	Koscielny	2	Myslowice	II	2245
642	Ada	Drukarczyk	2	Myslowice	I	2353
751	Andrzej	Kacperski	2	Myslowice	I	2370
174	Kuba	Hauser	2	Myslowice	IV	2481
1314	Tomasz	Krolikiewicz	2	Myslowice	III	2856
551	Grzegorz	Kinski	2	Myslowice	I	3000
110	Ireneusz	Alotek	2	Myslowice	I	3140
854	Beata	Moskala	3	Myslowice	IV	972
37	Natalia	Goral	3	Myslowice	I	1947
1074	Jakub	Kucharczyk	3	Myslowice	I	2404
604	Piotr	Pszczola	4	Myslowice	I	1048
219	Piotr	Swiezy	5	Myslowice	II	558
568	Felicja	Latas	5	Myslowice	II	592
1469	Janusz	Tkaczyk	5	Myslowice	I	633
667	Szczepan	Sobczak	5	Myslowice	V	902
22	Gabriela	Kolska	5	Myslowice	I	1111
133	Adam	Kaleta	5	Myslowice	I	1446
41	Barbara	Szelest	5	Myslowice	I	1666
845	Jadwiga	Loch	5	Myslowice	I	1676
1439	Danuta	Muniak	5	Myslowice	I	1924
1041	Franciszek	Leszczynski	5	Myslowice	IV	2676
516	Ruta	Sawa	5	Myslowice	II	2726
541	Zbigniew	Jaworski	5	Myslowice	III	3238
811	Adam	Skalny	8	Myslowice	III	426
887	Stefan	Kalinowski	8	Myslowice	II	1932
1087	Henryk	Macutkiewicz	9	Myslowice	III	2086
1496	Alan	Nieszporek	2	Myszkow	I	1921
696	Krzysztof	Bladowicz	2	Myszkow	I	2004
783	Kamil	Slimak	2	Myszkow	V	2585
515	Danuta	Kapusta	2	Myszkow	I	2708
586	Miroslawa	Krasuska	3	Myszkow	III	3018
200	Anna	ocon	3	Myszkow	III	3019
1568	Renata	Chyla	3	Myszkow	II	3318
789	Andrzej	Malek	5	Myszkow	IV	451
671	Agnieszka	Lencznarowicz	5	Myszkow	III	478
415	Roman	Hajtowicz	5	Myszkow	III	751
385	Martyna	Piotrkowska	5	Myszkow	I	1137
865	Beata	Nowakowska	5	Myszkow	III	3044
1500	Paulina	Andruszewska	2	Naleczow	I	766
1473	Jan	Orlowski	2	Naleczow	I	1314
1301	Michalina	Mol	2	Naleczow	IV	2081
601	Elzbieta	Sikora	2	Naleczow	IV	2468
1276	Zygmunt	Szczygielski	2	Naleczow	II	2500
1342	Ewelina	Paca	3	Naleczow	I	350
401	Tomasz	Niczyj	3	Naleczow	V	3295
82	Jadwiga	Borek	5	Naleczow	V	1634
1535	Agata	Rakulska	5	Naleczow	I	1824
311	Karolina	Bajerowicz	5	Naleczow	I	1965
1015	Tomasz	Bansik	5	Naleczow	II	2355
856	Jadwiga	Chodorowska	5	Naleczow	I	2763
450	Krzysztof	Lipinski	6	Naleczow	I	2635
422	Jadwiga	Bober	9	Naleczow	IV	3025
755	Szymon	Boruta	1	Nowy Sacz	V	945
138	Danuta	Zasada	2	Nowy Sacz	I	525
925	Adam	Zareba	2	Nowy Sacz	I	985
1470	Maria	Bujaczka	2	Nowy Sacz	I	1216
746	Michal	Kurtyka	2	Nowy Sacz	IV	1445
1468	Walery	Susel	2	Nowy Sacz	III	2097
660	Karolina	Naparstek	2	Nowy Sacz	I	2409
810	Adam	Jankowski	2	Nowy Sacz	I	2449
353	Katarzyna	Czader	3	Nowy Sacz	I	353
343	Andrzej	Pyza	3	Nowy Sacz	I	788
1609	Walenty	Mondkiewicz	3	Nowy Sacz	III	1793
1520	Teresa	Wrobel	3	Nowy Sacz	IV	2341
1019	Jaroslaw	Nowik	3	Nowy Sacz	III	3069
530	Ewa	Barwicka	5	Nowy Sacz	I	600
659	Felicja	Adamkowska	5	Nowy Sacz	I	617
587	Patrycja	Kochanska	5	Nowy Sacz	I	1111
1256	Franciszek	Kosiorowski	5	Nowy Sacz	III	1470
96	Kaja	Kalwas	5	Nowy Sacz	II	1600
1565	Anna	Pankiewicz	5	Nowy Sacz	I	2463
1294	Izabella	Wreczycka	8	Nowy Sacz	V	1873
1457	Leszek	Bareczek	1	Nowy Targ	I	2922
769	Honorata	Milosz	2	Nowy Targ	III	761
1368	Antoni	Buchalterz	2	Nowy Targ	III	1308
1420	Beata	Rejkowicz	2	Nowy Targ	I	1822
71	Boleslaw	Ludziejewski	2	Nowy Targ	I	2979
1152	Janusz	Sapek	3	Nowy Targ	II	1160
510	Agnieszka	Badowska	3	Nowy Targ	I	1372
643	Karol	Andrus	3	Nowy Targ	V	1775
365	Ewa	Chiluta	3	Nowy Targ	I	1924
1262	Aleksandra	Majewska	3	Nowy Targ	I	2206
1311	Agnieszka	Kapuscinska	3	Nowy Targ	II	2227
572	Robert	Zielinski	3	Nowy Targ	V	2538
562	Grzegorz	Borutawski	3	Nowy Targ	I	2859
1096	Dorota	Chenowska	3	Nowy Targ	I	2956
1225	Beata	Ciechanowicz	4	Nowy Targ	V	1778
1360	Miron	Symanski	4	Nowy Targ	V	3075
23	Bogumila	Kolodziej	5	Nowy Targ	II	630
93	Maciej	Slomczynski	5	Nowy Targ	I	710
695	Miroslawa	Grzesik	5	Nowy Targ	I	788
866	Anna	Sawicka	5	Nowy Targ	V	1134
538	Katarzyna	Budziak	5	Nowy Targ	II	1153
615	Klaudiusz	Ostrowski	5	Nowy Targ	III	1555
848	Jaroslaw	Szczepanski	5	Nowy Targ	II	2180
938	Dariusz	Kowalczyk	5	Nowy Targ	III	2441
921	Hanna	Pietrzyk	5	Nowy Targ	I	2589
178	Monika	Lawrynowicz	5	Nowy Targ	I	2835
927	Ewa	Sochacka	6	Nowy Targ	I	2333
575	Anastazja	Litwin	8	Nowy Targ	I	889
106	Kazimierz	Sycowski	8	Nowy Targ	I	2331
1517	Zofia	Piwowarczyk	1	Nysa	V	1206
1073	Kamil	Bajer	1	Nysa	I	3074
1258	Dariusz	Reszczynski	2	Nysa	I	1048
1187	Rafal	Eminowicz	2	Nysa	IV	2555
1540	Barbara	Wolej	3	Nysa	I	1795
486	Piotr	Murarz	3	Nysa	III	2893
846	Ewa	Sosnowska	4	Nysa	I	1151
1553	Anna	Rozalska	5	Nysa	I	471
595	Bartosz	Grzesik	5	Nysa	I	725
43	Elzbieta	Jandura	5	Nysa	V	1552
1544	Anna	Kowalska	5	Nysa	I	1612
1292	Lech	Smolarz	5	Oborniki	I	1255
392	Krzysztof	Nisiewicz	5	Oborniki	I	1280
1451	Karolina	Rogowska	7	Oborniki	I	3050
351	Oktawian	Kadej	1	Ogrodniki	I	2668
367	Jacek	Winogrodzki	2	Ogrodniki	I	1004
284	Czeslawa	Bochenek	3	Ogrodniki	I	1883
1313	Ryszard	Baranek	5	Ogrodniki	I	1047
632	Katarzyna	Jokiel	1	Ogrodzieniec	I	847
683	Jaroslaw	Walewski	2	Ogrodzieniec	II	356
1603	Adrian	Melnik	2	Ogrodzieniec	I	424
491	Anna	Barska	2	Ogrodzieniec	II	1047
456	Danuta	Banaszczykiewicz	2	Ogrodzieniec	I	2423
362	Grazyna	Chojacka	2	Ogrodzieniec	I	2543
65	Beata	Grabowska	2	Ogrodzieniec	V	2838
319	Dominik	Felinski	2	Ogrodzieniec	V	2842
99	Cezary	Karpowicz	2	Ogrodzieniec	I	2993
151	Krzysztof	Rosiewicz	3	Ogrodzieniec	I	680
1099	Maciej	Rojkiewicz	3	Ogrodzieniec	I	2143
176	Franciszek	Bielanski	3	Ogrodzieniec	IV	3125
742	Magdalena	Peciak	4	Ogrodzieniec	I	2024
85	Wawrzyniec	Kalinowski	5	Ogrodzieniec	V	875
937	Sobieslaw	Symanski	5	Ogrodzieniec	II	983
528	Krzysztof	Barski	5	Ogrodzieniec	I	1047
1323	Barbara	Barska	5	Ogrodzieniec	IV	1047
1212	Dorota	Szymanek	5	Ogrodzieniec	I	1364
1082	Grzegorz	Wroclawski	5	Ogrodzieniec	IV	1899
1133	Antoni	Kaber	5	Ogrodzieniec	I	2522
1528	Ilona	Banasiewicz	5	Ogrodzieniec	I	2796
347	Jan	Krzyzewski	8	Ogrodzieniec	II	1379
209	Zofia	Bujak	8	Ogrodzieniec	II	2484
195	Czeslaw	Kos	9	Ogrodzieniec	I	1980
679	Sandra	Swiatek	9	Ogrodzieniec	I	2456
241	Anna	Trzebnicka	1	Olkusz	I	1151
496	Michal	Sawicki	2	Olkusz	II	451
1580	Slawomir	Malcharek	2	Olkusz	II	607
909	Monika	Drzewiecka	2	Olkusz	I	1736
1545	Robert	Zalewicz	3	Olkusz	II	784
1543	Dawid	Kruk	3	Olkusz	I	810
1017	Jerzy	Barankiewicz	3	Olkusz	I	869
136	Zofia	Gorajska	3	Olkusz	II	2428
782	Maciej	Pajak	3	Olkusz	IV	2558
173	Grzegorz	Szlachcic	3	Olkusz	II	2675
777	Michal	Piekarz	3	Olkusz	II	3142
1123	Zygfryd	Klimczyk	5	Olkusz	I	1955
844	Paulina	Szeruga	5	Olkusz	I	2077
463	Kinga	Kawka	5	Olkusz	I	2512
843	Brygida	Jakobik	5	Olkusz	V	2648
1035	Antoni	Borowicz	5	Olkusz	IV	2699
526	Krzysztof	Cebula	5	Olkusz	I	3155
408	Ewa	Gruszczynska	10	Olkusz	I	3337
445	Jagna	Urban	3	Olsztyn	I	1098
828	Zygmunt	Banachowicz	3	Olszyna	II	3239
1477	Kamil	Tusinski	5	Olszyna	IV	1663
1402	Grzegorz	Zaba	5	Opole	III	1006
1180	Izabella	Olszewska	9	Opole	I	2183
421	Sebastian	Alot	2	Ostroleka	II	634
1406	Adam	Grzmot	2	Oswiecim	V	890
1270	Andrzej	Konik	2	Oswiecim	IV	1498
108	Jolanta	Czubacka	2	Oswiecim	I	2385
623	Joanna	Letka	2	Oswiecim	II	2560
469	Wieslawa	Barcisz	3	Oswiecim	II	1278
325	Mateusz	Buczek	3	Oswiecim	I	2275
1186	Marcin	Rusin	3	Oswiecim	IV	2578
1168	Malgorzata	Zielinska	5	Oswiecim	V	1345
16	Wieslawa	Babiarz	5	Oswiecim	II	1576
1171	Stefan	Lipski	5	Oswiecim	II	2529
1430	Katarzyna	Komar	5	Oswiecim	I	2969
1321	Adrian	Misztal	5	Oswiecim	I	3349
77	Mariola	Barszczon	7	Oswiecim	I	2664
87	Korneliusz	Gajos	3	Otmuchow	II	1517
998	Kacper	Berkowski	6	Otmuchow	I	1127
221	Beata	Mikolajczyk	6	Otmuchow	I	2862
658	Artur	Dartcjan	2	Piechowice	I	1008
465	Jerzy	Bodnarczyk	2	Piechowice	I	3260
1385	Marek	Poludniak	8	Piechowice	V	1569
1134	Grzegorz	Serocki	3	Pila	I	2664
666	Wioletta	Pacula	5	Pila	V	2742
360	Irena	Fudecka	2	Pilica	I	3215
1607	Oskar	Piekarski	3	Pilica	II	401
425	Andrzej	Latacki	5	Pilica	II	1518
763	Janusz	Gajda	5	Pilica	V	2262
1367	Dominik	Zelechowski	7	Pilica	I	2926
929	Renata	Banachowicz	2	Piotrkow Trybunalski	I	464
146	Krzysztof	Wroblewski	2	Piotrkow Trybunalski	I	919
1114	Aneta	Basista	5	Piotrkow Trybunalski	I	2579
21	Andrzej	Tokarski	5	Piotrkow Trybunalski	I	2580
488	Bohdan	Mrozowski	2	Piwniczna-Zdroj	I	2851
113	Adam	Sliz	3	Piwniczna-Zdroj	I	1077
243	Natalia	Chlopecka	3	Piwniczna-Zdroj	I	2101
1441	Emila	Florek	5	Piwniczna-Zdroj	I	2316
613	Wojciech	Janocha	7	Piwniczna-Zdroj	II	3289
369	Walery	Latka	2	Plock	V	1126
995	Ewa	Szepelak	2	Plock	I	2284
293	Slawomir	Rojek	5	Plock	III	1093
1462	Karolina	Dabrowka	3	Poraj	I	2145
86	Boleslaw	Drozdz	5	Poraj	I	1233
945	Jolanta	Chmiel	5	Poraj	I	1300
1007	Frydryk	Wenc	2	Poznan	V	1452
851	Tomasz	Wojtkiewicz	2	Poznan	I	2811
252	Olgierd	Dudzinski	5	Poznan	I	3136
1586	Maria	Kazmierowska	2	Prudnik	I	859
953	Zygmunt	Grzmil	2	Prudnik	II	1346
1161	Dyta	Nowakowska	2	Prudnik	V	1435
693	Kamil	Borysow	3	Prudnik	I	421
1588	Ewa	Laczna	3	Prudnik	V	2539
621	Zofia	Kielbus	4	Prudnik	II	1384
1534	Agata	Najowicz	5	Prudnik	I	2951
431	Justyna	Firlej	8	Prudnik	I	1919
414	Dawid	Trzebiatowski	2	Przasnysz	I	2037
1594	Piotr	Bielawa	3	Przasnysz	I	3047
1037	Zofia	Miejska	1	Przemysl	II	3283
364	Agnieszka	Nawrot	2	Przemysl	I	1142
946	Boleslaw	Bialowasicz	2	Przemysl	I	2057
1040	Zdzislawa	Hejak	2	Przemysl	IV	2233
833	Krystian	Dziwulski	2	Przemysl	I	2368
1070	Barbara	Czarnecka	2	Przemysl	V	2940
512	Piotr	Januszewski	3	Przemysl	I	1613
553	Ewa	Oszczudlowska	4	Przemysl	I	1141
145	Paulina	Lewinska	5	Przemysl	I	714
103	Tomasz	Jasak	5	Przemysl	III	923
762	Piotr	Wojcik	5	Przemysl	II	1625
1182	Borys	Krolikiewicz	5	Przemysl	I	2506
1600	Laura	Cedro	5	Przemysl	I	2764
1424	Kacper	Gajdemski	5	Przemysl	III	2793
867	Elzbieta	Wieczorek	2	Pszczyna	IV	3214
165	Kinga	Myszograj	3	Pszczyna	IV	2155
961	Janusz	Smitkowski	3	Pszczyna	V	2238
970	Agnieszka	Baranowska	5	Pszczyna	I	772
1075	Rafal	Turowski	5	Pszczyna	III	1908
700	Zyta	Bugala	5	Pszczyna	II	1958
335	Dominik	Kondratowicz	5	Pszczyna	V	2209
681	Maryla	Ciechowicz	5	Pszczyna	I	2219
154	Halina	Haczyk	5	Pszczyna	V	3243
193	Alina	Batorek	8	Pszczyna	I	1309
2	Zofia	Chorzowska	1	Pulawy	II	1549
1021	Anna	Klubicka	2	Pulawy	I	2039
544	Grzegorz	Sokolowski	3	Pulawy	III	606
1386	Hanna	Karska	5	Pulawy	I	1912
1185	Jolanta	Dworek	7	Pulawy	I	2126
1365	Marcin	Janeczek	2	Pyrzowice	IV	628
838	Miron	Raban	2	Pyrzowice	IV	1362
1416	Antoni	Graczyk	2	Pyrzowice	IV	2209
1227	Piotr	Jaworski	2	Pyrzowice	I	2303
382	Ewelina	Ewertowska	2	Pyrzowice	I	2601
1267	Maciej	Cisasny	3	Pyrzowice	II	1739
519	Marcin	Gorgon	3	Pyrzowice	V	2681
205	Wiktor	Gorecki	3	Pyrzowice	II	3274
1330	Zofia	Nowak 	5	Pyrzowice	I	434
1325	Tomasz	Hubisz	5	Pyrzowice	I	1470
1380	Wincenty	Pohorecki	6	Pyrzowice	II	1619
412	Roza	Szklarczyk	2	Pyrzyce	II	2605
962	Jan	Karbowniczek	2	Pyrzyce	IV	2865
857	Janina	Bawinek	3	Pyrzyce	I	3327
673	Klara	Lipiec	2	Rabka	I	355
377	Anita	Wiwatowicz	2	Rabka	I	399
396	Anna	Klemczak	2	Rabka	I	1814
1029	Roman	Badurzewski	2	Rabka	I	2135
750	Tadeusz	Staron	2	Rabka	IV	2198
162	Marcin	Hebda	2	Rabka	I	2725
824	Piotr	Hardy	2	Rabka	I	2849
940	Wiktoria	Gumienny	3	Rabka	I	855
290	Radoslaw	Niedziela	3	Rabka	II	2283
982	Marek	Marciniak	5	Rabka	I	827
1339	Edward	Balowski	5	Rabka	I	1187
198	Damian	Kulesza	5	Rabka	I	2883
39	Henryk	Klosinski	6	Rabka	I	1611
1578	Ewa	Bartosz	1	Raciborz	I	2717
691	Karolina	Tomsza	2	Raciborz	I	767
7	Gracja	Bijakowska	2	Raciborz	V	1482
1183	Anna	Dziwak	2	Raciborz	I	2519
95	Janina	Lina	2	Raciborz	I	2968
535	Agnieszka	Otwocka	2	Raciborz	I	3176
826	Dorota	Stachowska	3	Raciborz	I	2242
345	Oskar	Szanca	3	Raciborz	I	2257
1317	Jaroslaw	Szturc	3	Raciborz	I	3131
104	Witold	Barylkiewicz	4	Raciborz	II	632
1422	Karolina	Krynicka	5	Raciborz	I	962
341	Ewa	Seweryn	5	Raciborz	I	1206
1039	Wincenty	Klimkiewicz	5	Raciborz	I	1416
932	Artur	Blotny	8	Raciborz	I	1641
388	Wlodzimierz	Komik	2	Radom	III	1032
532	Natalia	Pypno	2	Radom	I	1139
330	Barbara	Bakan	2	Radom	I	1218
712	Antoni	Wojtyra	2	Radom	I	2404
116	Jaromir	Gonczyk	2	Radom	III	2523
911	Jan	Sztonyk	2	Radom	I	2533
578	Wislaw	Kowalski	2	Radom	II	3208
115	Bronislawa	Wegrzyn	3	Radom	IV	2404
1608	Wieslaw	Mazurek	3	Radom	II	2574
217	Adam	Rabka	5	Radom	I	510
1502	Artur	Biankowski	5	Radom	I	577
979	Michal	Powietrzynski	5	Radom	I	2260
1341	Krystian	Szatylowicz	7	Radom	V	2564
656	Krzysztof	Siemion	9	Radom	V	2344
231	Jerzy	Bargiel	2	Rajcza	I	898
1410	Piotr	Papier	2	Rajcza	I	987
70	Igor	Krynicki	2	Rajcza	I	1248
890	Piotr	Bajer	2	Rajcza	I	2408
268	Alicja	Kobus	2	Rajcza	I	2409
794	Jan	Kozakowski	2	Rajcza	I	2539
1489	Zbigniew	Fijas	2	Rajcza	II	2746
1539	Henryk	Barylka	2	Rajcza	I	2909
1000	Mariusz	Morawski	3	Rajcza	IV	467
592	Michal	Zawadzki	3	Rajcza	I	1501
1312	Edmund	Salezy	5	Rajcza	I	990
439	Emila	Nikiel	5	Rajcza	I	1849
263	Pawel	Wojcicki	5	Rajcza	V	1981
802	Andrzej	Stefanczyk	5	Rajcza	V	1992
503	Marzena	Por	5	Rajcza	II	2715
549	Piotr	Szczerek	5	Rajcza	III	2896
1571	Piotr	Chwalek	9	Rajcza	I	982
24	Augustyna	Swierkowska	9	Rajcza	IV	1489
883	Anna	Szyma	2	Rogoznik	IV	753
831	Szymon	Czaja	2	Rogoznik	V	912
652	Emilia	Banach	2	Rogoznik	I	2695
506	Nikodem	Dyzma	2	Rogoznik	II	3079
554	Irma	Iwasiow	3	Rogoznik	I	1201
147	Jan	Bieniek	5	Rogoznik	I	805
716	Adam	Jasiewicz	5	Rogoznik	I	1554
768	Roman	Listopad	5	Rogoznik	IV	2018
1176	Judyta	Krawiec	5	Rogoznik	V	2911
51	Gerard	Graczynski	7	Rogoznik	I	1573
680	Anna	Barciszewska	8	Rogoznik	I	709
334	Barbara	Solska	9	Rogoznik	I	678
1347	Magdalena	Antos	2	Ruda Slaska	I	430
1302	Marcin	Wolak	2	Ruda Slaska	II	775
1086	Kuba	Sonarska	2	Ruda Slaska	II	966
1146	Filip	Zukowski	2	Ruda Slaska	I	1740
294	Robert	Pilski	2	Ruda Slaska	II	1756
258	Wojciech	Bugaj	2	Ruda Slaska	I	2657
1597	Marek	Kwolek	2	Ruda Slaska	I	2982
283	Adrian	Baka	2	Ruda Slaska	I	3195
563	Wiktor	Basajski	3	Ruda Slaska	II	920
235	Weronika	Stroka	3	Ruda Slaska	II	2180
12	Barbara	Michalska	3	Ruda Slaska	I	2368
1126	Marcin	Pawlowski	3	Ruda Slaska	II	2438
1279	Irena	Banaczek	3	Ruda Slaska	I	3085
708	Pawel	Orczyk	5	Ruda Slaska	I	627
244	Jacek	Andrzejewski	5	Ruda Slaska	III	2241
514	Iwona	Andrzejewska	5	Ruda Slaska	I	2241
687	Jan	Barbucha	5	Ruda Slaska	I	3276
1327	Zbigniew	Rodek	7	Ruda Slaska	II	1357
1460	Zofia	Mazowiecka	8	Ruda Slaska	II	1965
1092	Anna	Witek	8	Ruda Slaska	I	2729
1084	Adam	Kalka	2	Rybnik	I	427
426	Kamil	Babula	2	Rybnik	I	1058
1184	Monika	Nocun	2	Rybnik	I	1744
888	Karol	Myrcik	2	Rybnik	II	2011
354	Zuzanna	Rutkowska	2	Rybnik	I	2320
342	Roza	Biernaczyk	3	Rybnik	IV	378
483	Krzysztof	But	3	Rybnik	IV	2273
157	Jerzy	Bolkowicz	3	Rybnik	I	2451
40	Krzysztof	Dyszy	4	Rybnik	I	2898
901	Zachariasz	Jakimow	5	Rybnik	IV	527
1326	Eleonora	Gregoruk	5	Rybnik	I	1150
177	Adam	Konopka	5	Rybnik	V	1489
1252	Stefan	Tomkow	5	Rybnik	II	3197
10	Jolanta	Ochala	5	Rybnik	V	3332
1547	Edyta	Rebajn	7	Rybnik	I	801
18	Alojzy	Wolak	9	Rybnik	IV	1767
208	Janusz	Chmielowski	9	Rybnik	I	2349
1336	Jaroslaw	Matusz	10	Rybnik	V	2156
1181	Wojciech	Bartus	2	Rzeszow	I	1185
1280	Adam	Bodny	2	Rzeszow	IV	1207
910	Renata	Kalwas	2	Rzeszow	IV	1252
594	Danuta	Chyza	2	Rzeszow	III	1787
1355	Bernard	Kregiel	2	Rzeszow	I	2289
20	Adam	Bzinkowski	3	Rzeszow	I	782
1375	Adam	Warka	3	Rzeszow	II	1217
1105	Franciszek	Bartoszek	3	Rzeszow	I	1232
442	Teofil	Wina	3	Rzeszow	IV	1963
914	Radzimierz	Wojciechowski	5	Rzeszow	III	555
906	Krzysztof	Linus	5	Rzeszow	I	2232
1242	Ewa	Niewiarowska	5	Rzeszow	I	2722
1300	Edmund	Malborski	8	Rzeszow	I	681
1259	Karol	Furmanik	8	Rzeszow	I	2387
1224	Anna	Miecznikowska	10	Rzeszow	V	955
282	Eleonora	Kosa	2	Sanok	I	455
978	Piotr	Jablonski	2	Sanok	V	1185
323	Tomasz	Krawczyk	2	Sanok	II	1655
872	Dagmara	Szumska	2	Sanok	I	2039
1403	Patryk	Zychowicz	2	Sanok	I	2391
1273	Zygmunt	Jablonski	3	Sanok	IV	1185
1364	Jacek	Rynkiewicz	3	Sanok	I	1578
403	Alicja	Fedoruk	3	Sanok	I	2482
163	Andrzej	Wieczorek	3	Sanok	III	2555
611	Marek	Wypchlo	5	Sanok	I	1041
308	Daniel	Barszcz	5	Sanok	I	2273
822	Marek	Walbiner	5	Sanok	V	2479
26	Sylwester	Jarecki	6	Sanok	IV	3222
591	Roman	Banasik	8	Sanok	I	2845
395	Karol	Antonowicz	2	Siedlce	I	654
1222	Anna	Mikocka	2	Siedlce	II	1680
697	Maciej	Kula	2	Siedlce	I	2418
482	Katarzyna	Skutnik	2	Siedlce	I	3124
1480	Magdalena	Sznyrowska	2	Siemianowice Slaskie	I	1096
1045	Zofia	Skrzydlewska	2	Siemianowice Slaskie	V	1545
1465	Adam	Wojtas	2	Siemianowice Slaskie	I	1906
1260	Krystian	Pieniak	2	Siemianowice Slaskie	I	1949
443	Teresa	Krzesaj	2	Siemianowice Slaskie	II	2126
1038	Andrzej	Dubala	2	Siemianowice Slaskie	I	2519
1315	Wiktor	Holynski	2	Siemianowice Slaskie	V	2522
476	Boguslawa	Sobota	2	Siemianowice Slaskie	II	2866
1358	Andrzej	Korzeniewski	2	Siemianowice Slaskie	I	3116
699	Ewa	Jurek	3	Siemianowice Slaskie	I	2101
814	Maciej	Mojsanowicz	3	Siemianowice Slaskie	I	2736
609	Kamila	Borowska	3	Siemianowice Slaskie	I	2743
721	Waclaw	Slaski	3	Siemianowice Slaskie	II	2809
348	Jan	Dziekan	3	Siemianowice Slaskie	I	2815
338	Gabriela	Mroz	5	Siemianowice Slaskie	I	1033
598	Marcin	Bielak	5	Siemianowice Slaskie	I	1164
1541	Adelajda	Klimczyk	5	Siemianowice Slaskie	II	1932
875	Roman	Arecki	5	Siemianowice Slaskie	I	2086
373	Eustachy	Banaszek	5	Siemianowice Slaskie	I	2407
584	Anna	Antosiewicz	7	Siemianowice Slaskie	I	569
1175	Tomasz	Aniol	7	Siemianowice Slaskie	II	1824
280	Beata	Jasinska	8	Siemianowice Slaskie	I	968
1108	Wojciech	Gorski	2	Sieradz	III	2548
1320	Jakub	Magielewski	2	Sieradz	I	3116
820	Celina	Mieleszko	2	Siewierz	I	667
1582	Aleksander	Polak	2	Siewierz	I	1516
119	Katarzyna	Dwornik	2	Siewierz	I	2745
999	Jagoda	Szmaglinska	3	Siewierz	I	605
1234	Ewelia	Basiak	3	Siewierz	I	1994
1432	Adam	Kral	3	Siewierz	I	2164
973	Gracja	Warecka	3	Siewierz	II	3030
534	Katarzyna	Ochocka	5	Siewierz	I	750
654	Dariusz	Hentelski	5	Siewierz	I	1750
1354	Piotr	Bentkowski	5	Siewierz	I	2587
664	Bozena	Sowa	7	Siewierz	I	691
1614	Adam	Sasimski	7	Siewierz	I	2957
622	Celina	Dobrzanska	8	Siewierz	I	3324
640	Zuzanna	Wronska	2	Skierniewice	II	878
1526	Tadeusz	Sienkiewicz	2	Skierniewice	II	3207
730	Ksenia	Kadziola	5	Skierniewice	V	2742
1001	Natalia	Kochman	1	Skorogoszcz	I	2854
930	Donald	Bakowski	1	Slawkow	I	1410
160	Jerzy	Lubec	2	Slawkow	I	1599
1230	Tomasz	Wozniak	2	Slawkow	III	1695
1104	Anna	Stefanska	2	Slawkow	I	2185
159	Inga	Barskacz	2	Slawkow	I	2848
1052	Malgorzata	Katowska	2	Slawkow	I	3076
800	Patryk	Kopytko	2	Slawkow	I	3142
776	Kacper	Kujalowski	3	Slawkow	V	1195
852	Mateusz	Kojec	3	Slawkow	I	1884
589	Stanislaw	Bialkowski	3	Slawkow	II	3244
500	Witold	Kupis	5	Slawkow	II	1760
912	Kacper	Kita	5	Slawkow	I	2006
1454	Arkadiusz	Pyzikowski	5	Slawkow	III	2036
1592	Adam	Nieweglowski	5	Slawkow	I	2497
1281	Michal	Krzysztofinski	5	Slawkow	V	2642
1421	Marta	Bajerka	5	Slawkow	I	2757
649	Lucyna	Trzopek	5	Slawkow	V	2758
1434	Adrian	Badera	7	Slawkow	I	2481
55	Artur	Bartoszewicz	9	Slawkow	I	2177
1562	Rafal	Wozny	5	Sobotka	II	1187
228	Urszula	Legnicka	2	Sopot	II	468
232	Tomasz	Broniarz	2	Sopot	III	1123
1102	Natasza	Duda	9	Sopot	III	2125
1265	Lidia	Juzak	2	Sosnicowice	III	1073
719	Klementyna	Mrozinska	2	Sosnicowice	I	1079
545	Anna	Smela	2	Sosnicowice	I	1375
196	Jan	Sikorski	2	Sosnicowice	I	2217
1046	Miloslaw	Kozik	2	Sosnicowice	III	2367
1207	Mikolaj	Hejdysz	3	Sosnicowice	I	1373
31	Beata	Kotlarska	3	Sosnicowice	I	1638
68	Tadeusz	Holski	3	Sosnicowice	II	1945
1387	Patrycja	Dona	3	Sosnicowice	I	2571
1446	Michal	Katon	5	Sosnicowice	IV	689
678	Bogumila	Grubba	5	Sosnicowice	V	858
1162	Anna	Sabat	5	Sosnicowice	I	1223
259	Marcin	Slomczynski	5	Sosnicowice	II	1869
1220	Jadwiga	Przybylska	5	Sosnicowice	I	2199
432	Jadwiga	Wawer	5	Sosnicowice	II	2672
269	Adam	Michalak	7	Sosnicowice	I	1259
546	Maria	Kolka	8	Sosnicowice	II	790
47	Dominik	Zagajewski	2	Sosnowiec	V	448
393	Barbara	Mianowska	2	Sosnowiec	I	486
1529	Slawomir	Balcerowski	2	Sosnowiec	II	1236
374	Barbara	Marczak	2	Sosnowiec	I	1566
1228	Daniel	Felinski	2	Sosnowiec	I	2268
1223	Karol	Abramczyk	2	Sosnowiec	I	2638
605	Barbara	Banowska	2	Sosnowiec	I	2846
1061	Katarzyna	Augustynik	2	Sosnowiec	I	3052
480	Edyta	Klan	3	Sosnowiec	V	1683
128	Adrianna	Brzezinska	3	Sosnowiec	III	2913
647	Barbara	Przywarska	3	Sosnowiec	I	3020
155	Sebastian	Lewandowski	4	Sosnowiec	II	1434
181	Piotr	Kuter	5	Sosnowiec	I	738
1527	Jakub	Hajdukiewicz	5	Sosnowiec	I	1627
306	Maria	Zwojec	5	Sosnowiec	I	2155
52	Stefan	Skoczkowski	5	Sosnowiec	II	2279
1393	Beata	Myrcik	5	Sosnowiec	III	2330
499	Kinga	Mlynarczyk	5	Sosnowiec	II	2543
256	Mieszko	Cisna	5	Sosnowiec	II	3313
869	Alicja	Cichocka	7	Sosnowiec	I	780
384	Ewa	Skrzeliczka	9	Sosnowiec	I	2312
1100	Agnieszka	Kaczmarczyk	9	Sosnowiec	I	2348
17	Natalia	Barton	10	Sosnowiec	I	409
1274	Jolanta	Tomczak	1	Strzelce Opolskie	I	3335
1431	Pawel	Zmelty	2	Strzelce Opolskie	I	397
801	Monika	Mielecka	2	Strzelce Opolskie	I	669
1307	Rafal	Ramotowski	2	Strzelce Opolskie	IV	861
1436	Alina	Miekus	2	Strzelce Opolskie	I	896
886	Jadwiga	Osinska	2	Strzelce Opolskie	II	1004
1147	Jadwiga	Graniecka	2	Strzelce Opolskie	I	1499
1433	Kajetan	Szczepanski	2	Strzelce Opolskie	IV	2369
547	Krzysztof	Groza	3	Strzelce Opolskie	I	2014
1567	Daria	Antonkiewicz	5	Strzelce Opolskie	I	848
201	Maria	Wolczynska	5	Strzelce Opolskie	I	1862
985	Tomasz	Kania	5	Strzelce Opolskie	I	2458
1110	Bronislaw	Wozniak	5	Strzelce Opolskie	I	2796
73	Katarzyna	Kausek	7	Strzelce Opolskie	I	847
1068	Adam	Babecki	8	Strzelce Opolskie	I	2536
557	Antoni	Chmielacz	8	Strzelce Opolskie	I	2952
66	Stefania	Zakrzewska	2	Sucha Beskidzka	II	420
805	Jozef	Krosno	2	Sucha Beskidzka	I	1102
1381	Maciej	Proniewicz	2	Sucha Beskidzka	III	1252
1264	Krystyna	Barszczyk	2	Sucha Beskidzka	I	2407
1548	Klara	Sokolowska	3	Sucha Beskidzka	V	557
1509	Agnieszka	Æmiel	3	Sucha Beskidzka	I	2319
144	Kacper	Stachowicz	5	Sucha Beskidzka	II	775
737	Karol	Boran	5	Sucha Beskidzka	I	2190
754	Alina	Wolowiec	8	Sucha Beskidzka	I	2760
261	Korneliusz	Adamecki	10	Sucha Beskidzka	III	1726
685	Marcin	Gorec	3	Suraz	I	2939
517	Izabella	Cieslak	4	Suraz	I	1100
552	Patryk	Brylok	2	Suwalki	I	3007
485	Irena	Tarnowska	7	Suwalki	I	2158
158	Michal	Wojciechowski	2	Swiecko	V	2423
460	Bartosz	Dudek	2	Swiecko	IV	2948
440	Jan	Jasinski	3	Swiecko	I	962
672	Barbara	Barszczykiewicz	3	Swieradow-Zdroj	I	2827
1148	Dorota	Kozikowska	3	Swieradow-Zdroj	I	2928
498	Aleksandra	Cichawacz	3	Swieradow-Zdroj	I	3169
920	Natalia	Sikorska	1	Swietochlowice	I	2452
429	Bartosz	Bonkowski	2	Swietochlowice	I	983
764	Barbara	Chrzanowska	2	Swietochlowice	I	997
179	Kacper	Fastnacht	2	Swietochlowice	I	998
951	Wielislaw	Watroba	2	Swietochlowice	III	1035
885	Wladyslawa	Konwicka	2	Swietochlowice	V	1259
1525	Jakub	Wilinski	2	Swietochlowice	III	1525
1034	Anna	Halinowska	2	Swietochlowice	I	1934
1338	Witold	Witkowski	2	Swietochlowice	II	2162
454	Stanislaw	Anczewski	2	Swietochlowice	II	2305
1352	Rafal	Blocki	2	Swietochlowice	I	2425
1479	Halina	Fido	2	Swietochlowice	IV	3069
1521	Karolina	Kryniewska	3	Swietochlowice	I	795
808	Zofia	Barszczewska	3	Swietochlowice	II	957
1334	Michal	Batorowicz	3	Swietochlowice	I	1287
1550	Beata	Walczak	5	Swietochlowice	IV	986
309	Teresa	Grudzinska	5	Swietochlowice	II	1283
806	Maksym	Znojek	5	Swietochlowice	II	1934
389	Bartlomiej	Wrzesien	5	Swietochlowice	IV	2639
89	Alicja	Bankowska	5	Swietochlowice	I	2913
1415	Michal	Szmigin	5	Swietochlowice	III	3126
1384	Janusz	Wrobel	5	Swietochlowice	V	3234
847	Roman	Aronowski	7	Swietochlowice	I	1576
1395	Henryka	Blizna	7	Swietochlowice	II	3006
1370	Patrycja	Majka	9	Swietochlowice	I	783
60	Jerzy	Przybylski	9	Swietochlowice	I	979
84	Grzegorz	Podsiadly	9	Swietochlowice	I	1454
1329	Marek	Liderski	9	Swietochlowice	I	2536
842	Bogdan	Benedykt	1	Swinoujscie	I	2228
487	Justyna	Biegaj	3	Swinoujscie	I	1770
1284	Paulina	Chaberek	3	Swinoujscie	I	2806
1012	Halina	Klimaszewska	2	Szamotuly	I	2138
346	Jakub	Kucharski	3	Szamotuly	III	2144
774	Bohdan	Bielawski	3	Szamotuly	I	2645
637	Miron	Sledziak	2	Szczecin	III	2397
876	Mikolaj	Lisinski	5	Szczecin	I	930
331	Grzegorz	Styczen	3	Szczecinek	III	931
363	Kamil	Tokarz	8	Szczecinek	V	880
816	Dorota	Zybowska	2	Szczekociny	I	1338
168	Hanna	Wrona	2	Szczekociny	V	1493
566	Adam	Bialczak	2	Szczekociny	I	1676
1065	Mateusz	Mrusz	2	Szczekociny	II	1808
1486	Ewelina	Marzec	2	Szczekociny	II	1993
1251	Henryk	Walczak	3	Szczekociny	III	3035
410	Leslaw	Pawlica	3	Szczekociny	I	3258
1150	Marta	Berakowska	4	Szczekociny	I	1850
1289	Malgorzata	Albert	5	Szczekociny	I	440
372	Andrzej	Smietanka	5	Szczekociny	I	1447
172	Anna	Bialowas	7	Szczekociny	I	1544
709	Natasza	Konewka	10	Szczekociny	V	2056
149	Marek	Bakucha	1	Szczyrk	I	3313
734	Helena	Kotlarz	2	Szczyrk	I	559
59	Maciej	Drozdzik	2	Szczyrk	V	1142
564	Sylwester	Jasinski	2	Szczyrk	III	1216
861	Andrzej	Koziol	2	Szczyrk	V	1428
109	Andrzej	Jurkowski	2	Szczyrk	IV	1487
677	Jakub	Piotrowski	2	Szczyrk	IV	2456
956	Cecylia	Boguslawska	3	Szczyrk	IV	1225
508	Andrzej	Okon	3	Szczyrk	III	1556
639	Sylwester	Borkowski	3	Szczyrk	IV	1683
1602	Waclawa	Borkowska	3	Szczyrk	I	1683
957	Alicja	Urbanczyk	4	Szczyrk	I	3022
1427	Jadwiga	Balcerowska	5	Szczyrk	I	1158
19	Daniel	Lisiecki	5	Szczyrk	I	1867
715	Andrzej	Kozlowski	5	Szczyrk	I	2133
565	Zofia	Ciechowska	5	Szczyrk	II	2652
1238	Marcin	Kowalski	5	Szczyrk	V	3197
1362	Mikolaj	Grochalski	1	Tarnobrzeg	I	1047
1298	Mikolaj	Szala	1	Tarnobrzeg	I	2325
477	Miroslaw	Chochowski	1	Tarnobrzeg	I	2625
504	Beata	Wittek	2	Tarnobrzeg	V	1008
344	Henryk	Mordyan	2	Tarnobrzeg	I	1126
618	Piotr	Pienkowski	2	Tarnobrzeg	I	1425
1532	Krystyna	Damska	2	Tarnobrzeg	I	1502
1589	Irena	Magiera	2	Tarnobrzeg	I	1898
881	Franciszek	Kucharski	2	Tarnobrzeg	IV	2317
230	Aureliusz	Dabrowski 	2	Tarnobrzeg	II	2910
76	Brygida	Mika	3	Tarnobrzeg	IV	562
928	Kacper	Starachowicz	3	Tarnobrzeg	II	1802
1419	Witold	Kowal	3	Tarnobrzeg	II	2591
1235	Piotr	Nowak 	3	Tarnobrzeg	II	3039
257	Janusz	Waz	4	Tarnobrzeg	I	2917
226	Agnieszka	Korandy	4	Tarnobrzeg	I	3222
1291	Tadeusz	Terlecki	5	Tarnobrzeg	II	546
1426	Kleopatra	Janska	5	Tarnobrzeg	I	724
537	Maria	Krasiczynska	5	Tarnobrzeg	I	1623
1066	Artur	Wolicz	5	Tarnobrzeg	I	2893
1435	Adelajda	Czerwinska	5	Tarnobrzeg	III	2940
795	Angelika	Bartusiak	8	Tarnobrzeg	III	365
1344	Anna	Rolek	2	Tarnow	II	615
120	Celina	Wisniewska	2	Tarnow	I	822
1116	Adelajda	Nucinska	2	Tarnow	V	1289
1372	Lukasz	Ostrobramski	2	Tarnow	II	2376
433	Michal	Klimisz	2	Tarnow	III	3092
959	Anna	Pytka	3	Tarnow	I	1146
1497	Wanda	Barabasz	3	Tarnow	II	1227
1206	Anna	Milewska	3	Tarnow	I	1430
1111	Angelika	Mrozek	3	Tarnow	IV	2291
274	Marcin	Bajdak	3	Tarnow	I	2485
897	Malgorzata	Pisarskiewicz	3	Tarnow	I	3064
1353	Bartosz	Bek	5	Tarnow	I	669
1438	Alicja	Danek	5	Tarnow	I	787
1193	Marcin	Cwikowski	5	Tarnow	III	1144
694	Irena	Ignaszewska	5	Tarnow	I	1160
1170	Michal	Bujak	5	Tarnow	I	1454
1531	Slawomir	Kominiarz	5	Tarnow	V	1882
698	Kamil	Wieczorek	5	Tarnow	IV	2065
963	Teresa	Wozniak	5	Tarnow	II	3094
832	Cezar	Adamski	1	Tarnowskie Gory	IV	1316
370	Jaroslaw	Sierpien	2	Tarnowskie Gory	III	831
1006	Paulina	Michalak	3	Tarnowskie Gory	I	1204
1095	Lucyna	Wojciechowska	3	Tarnowskie Gory	III	2806
733	Marta	Czerny	5	Tarnowskie Gory	I	394
1196	Celina	Tomaszewska	5	Tarnowskie Gory	V	872
707	Lukasz	Kostosz	5	Tarnowskie Gory	IV	1060
1063	Damian	Wanad	5	Tarnowskie Gory	I	1651
1124	Boguslawa	Ostrowska	5	Tarnowskie Gory	V	2466
646	Felicja	Ostrowska	8	Tarnowskie Gory	II	2466
878	Grzegorz	Jaworski	9	Tarnowskie Gory	I	2185
458	Ewelina	Blada	2	Terespol	IV	1961
381	Anna	Kaczmarek	2	Terespol	III	2076
48	Marianna	Lyszkowska	3	Terespol	I	2334
576	Tomasz	Gronus	5	Terespol	V	389
229	Krystyna	Sekocinska	5	Terespol	I	979
923	Danuta	Chmielewska	2	Tomaszow Lubelski	V	1936
490	Katarzyna	Kruczek	2	Tomaszow Lubelski	I	2107
387	Kamil	Kildarewicz	5	Tomaszow Lubelski	I	1834
38	Janusz	Figielski	5	Tomaszow Lubelski	I	2223
607	Zofia	Boska	5	Tomaszow Lubelski	II	3037
1261	Wladyslaw	Olcha	5	Torun	III	1117
1577	Beata	Tyliba	5	Torun	IV	3223
944	Patrycja	Roman	5	Torun	I	3345
1376	Ewa	Pustelnik	1	Trzebinia	I	1449
980	Adelajda	Sobczak	2	Trzebinia	I	1087
1494	Krystian	Dunaj	2	Trzebinia	V	2634
1112	Edward	Malinowski	3	Trzebinia	I	3265
1378	Wojciech	Kaminski	5	Trzebinia	V	587
1514	Bronislaw	Chwala	5	Trzebinia	I	1032
1616	Krzysztof	Chojnacki	5	Trzebinia	I	2422
1507	Antoni	Rutkowski	5	Trzebinia	I	3173
1136	Tomasz	Janowski	7	Trzebinia	II	2163
1131	Aniela	Dymek	7	Trzebinia	IV	2207
619	Jan	Razny	1	Tworog	III	1732
1109	Lucyna	Sokolowska	1	Tworog	V	2832
1371	Bronislawa	Zwozniak	2	Tworog	III	2009
1464	Brygida	Molikiewicz	3	Tworog	I	725
1484	Andrzej	Bawar	5	Tworog	I	1189
1239	Izaak	Gawron	5	Tworog	I	1231
237	Szymon	Figurski	5	Tworog	II	1496
926	Fryderyka	Krzyskow	5	Tworog	IV	2117
240	Franciszek	Bebenek	5	Tworog	I	2572
1463	Kinga	Winkler	5	Tworog	I	2655
738	Agnieszka	Mordak	8	Tworog	II	3292
62	Teresa	Bajerska	9	Tworog	II	3010
567	Filip	Baczek	1	Tychy	I	459
1466	Anna	Balcerek	1	Tychy	I	1624
1490	Grazyna	Sikorowicz	2	Tychy	I	505
359	Jakub	Piotrowski	2	Tychy	III	513
1014	Jadwiga	Tarkowska	2	Tychy	II	558
397	Mieczyslawa	Szymczyk	2	Tychy	I	1136
1491	Ireneusz	Szydlak	2	Tychy	II	1971
1566	Zbigniew	Ostrowski	2	Tychy	II	2095
1288	Roksana	Sokolowska	2	Tychy	V	2430
302	Andrzej	Beki	3	Tychy	I	465
427	Czeslaw	Augustyneczek	3	Tychy	I	524
879	Magdalena	Rysowicz	3	Tychy	I	1731
900	Patrycja	Metz	5	Tychy	I	1547
1157	Wiktoria	Wieczorek	5	Tychy	V	2186
606	Piotr	Jedruszczak	5	Tychy	I	2995
569	Aleksy	Dudek	7	Tychy	II	2544
690	Wanda	Rossudowska	7	Tychy	II	2554
1271	Rafal	Kucharski	10	Tychy	II	1345
1090	Kazimiera	Sobiecka	2	Ustron	I	1402
770	Zofia	Luszczyk	2	Ustron	II	2409
1404	Malgorzata	Bedka	2	Ustron	II	2494
1033	Urszula	Misiak	3	Ustron	II	590
494	Leslaw	Bak	3	Ustron	I	2799
1178	Malgorzata	Janiszewska	3	Ustron	II	3127
1389	Sonia	Kozubik	5	Ustron	I	768
1322	Maciej	Babicz	5	Ustron	IV	1645
57	Ewelina	Korpet	5	Ustron	V	2204
873	Aleksandra	Paluch	5	Ustron	I	2456
662	Michal	Otwinowski	5	Ustron	I	2659
296	Mateusz	Swierszczynski	8	Ustron	V	3080
167	Dorota	Pietrowicz	2	Wadowice	I	1071
1612	Wladyslawa	Bijak	2	Wadowice	V	1271
270	Norbert	Boronski	2	Wadowice	I	1317
1413	Dominika	Kierat	2	Wadowice	I	1493
1437	Lidia	Sroda	2	Wadowice	IV	1577
718	Adam	Bledowski	2	Wadowice	I	1956
1140	Wioletta	Zawadzka	2	Wadowice	II	2254
648	Malwina	Kabala	2	Wadowice	I	2691
987	Zuzanna	Walczynska	3	Wadowice	I	1035
608	Joanna	Para	3	Wadowice	II	1930
129	Karol	Binski	3	Wadowice	I	2497
668	Kacper	Babinski	5	Wadowice	I	831
1243	Walenty	Rutkowski	5	Wadowice	IV	890
479	Zbigniew	Zajac	5	Wadowice	V	1589
682	Katarzyna	Garbacz	5	Wadowice	I	2010
1363	Marcin	Walczak	5	Wadowice	V	2063
260	Franciszek	Laczynski	5	Wadowice	V	2881
470	Pawel	Kowal	5	Wadowice	V	3125
706	Gertruda	Rzasowska	1	Wagrowiec	II	2877
1179	Ewa	Pawluk	1	Walbrzych	I	3218
1189	Zbigniew	Adamczyk	2	Walbrzych	III	2121
451	Anna	Dworecka	3	Walbrzych	I	2106
505	Wojciech	Rydawski	3	Walbrzych	II	2711
1510	Wieslaw	Helski	2	Walce	II	534
1443	Jadwiga	Duzy	2	Walce	I	2256
1202	Anna	Szendzielorz	3	Walce	I	2403
1332	Franciszek	Dziedzic	5	Walce	I	2312
904	Tomasz	Dudzinski	2	Warszawa	V	744
1401	Lukasz	Bajor	2	Warszawa	I	1527
197	Teresa	Polaska	2	Warszawa	II	2771
1538	Michal	Polak	4	Warszawa	I	1720
948	Bronislawa	Ludwig	5	Warszawa	III	1400
1559	Halina	Malewska	5	Warszawa	V	2999
1512	Katarzyna	Ogrodniczak	7	Warszawa	III	1421
1081	Katarzyna	Hohenberg	2	Wegorzewo	I	1653
50	Marek	Frymarkiewicz	2	Wegorzewo	I	1712
1026	Ewa	Holda	2	Wejherowo	II	628
860	Robert	Rurski	2	Wejherowo	II	1955
749	Bartosz	Gasior	4	Wejherowo	I	2138
899	Dorota	Marchewka	1	Wisla	III	1632
1316	Kazimierz	Celejewski	2	Wisla	I	568
674	Jacek	Zuchowicz	2	Wisla	II	1668
1139	Karolina	Wozniakiewicz	2	Wisla	I	2909
267	Jerzy	Orowski	3	Wisla	III	796
548	Katarzyna	Friedek	3	Wisla	I	898
27	Antoni	Banakiewicz	3	Wisla	I	1003
736	Robert	Tomaszewski	3	Wisla	IV	1511
1145	Bartosz	Tomaszewski	3	Wisla	II	1511
1008	Aleksander	Bolkowski	3	Wisla	I	3247
1093	Martyna	Lamorska	7	Wisla	I	740
236	Walenty	Kaczor	9	Wisla	II	520
15	Matylda	Zielinska	9	Wisla	I	2949
704	Aleksy	Borkowski	2	Witonia	IV	1035
509	Anita	Chalbinska	2	Witonia	I	1772
1233	Kacper	Klimka	4	Witonia	IV	2072
633	Pawel	Jasiak	10	Wloclawek	I	3277
756	Miroslawa	Prawy	2	Wlodowice	V	3156
964	Mateusz	Chwalinski	3	Wlodowice	I	1802
1013	Mateusz	Wolny	7	Wlodowice	V	1240
934	Magdalena	Kulig	2	Wodzislaw Slaski	I	715
559	Andrzej	Baran	2	Wodzislaw Slaski	I	1390
913	Zofia	Kruszewska	2	Wodzislaw Slaski	V	1700
855	Kamil	Amanowicz	3	Wodzislaw Slaski	I	535
1250	Pawel	Krol	3	Wodzislaw Slaski	V	1109
635	Weronika	Kaczmarek	3	Wodzislaw Slaski	II	1140
933	Adam	Paterek	3	Wodzislaw Slaski	I	2559
461	Tomasz	Kaczmarek	4	Wodzislaw Slaski	I	1140
740	Stefan	Polanicki	5	Wodzislaw Slaski	II	770
807	Przemyslaw	Kaczmarek	5	Wodzislaw Slaski	III	1140
1487	Laura	Ochota	5	Wodzislaw Slaski	I	1622
797	Maciej	Boni	5	Wodzislaw Slaski	IV	2667
1297	Ewelina	Korczak	5	Wodzislaw Slaski	I	2906
871	Magdalena	Jackowska	5	Wodzislaw Slaski	I	3178
665	Kacper	Luty	5	Wodzislaw Slaski	III	3201
692	Bartosz	Ziolkowski	8	Wodzislaw Slaski	I	3056
1581	Lechoslaw	Bitwa	1	Wojkowice	I	1641
355	Franciszek	Mikulski	2	Wojkowice	II	598
1142	Hanna	Bidowska	2	Wojkowice	I	2551
689	Celina	Pietras	2	Wojkowice	V	2872
955	Mateusz	Mazurkiewicz	2	Wojkowice	I	3000
1598	Anna	Galaszewska	2	Wojkowice	I	3016
29	Lidia	Kazdron	3	Wojkowice	III	2646
435	Ryszard	Siennicki	4	Wojkowice	II	2978
265	Karol	Mazurowski	5	Wojkowice	IV	719
1331	Karol	Banach	5	Wojkowice	I	2840
187	Franciszek	Szombierski	1	Wolbrom	III	698
1043	Kamil	Kucharski	2	Wolbrom	II	923
760	Agnieszka	Chmielarz	2	Wolbrom	I	2139
1530	Tomasz	Witas	2	Wolbrom	II	2728
984	Jolanta	Marcz	3	Wolbrom	I	573
786	Grzegorz	Wrzesinski	3	Wolbrom	V	1609
207	Karolina	Anuszewska	3	Wolbrom	I	1973
253	Anna	Sawiciak	4	Wolbrom	I	2285
983	Slawomir	Afganski	6	Wolbrom	II	1583
1020	Kamil	Kozlowski	7	Wolbrom	V	843
870	Jolanta	Kukulska	8	Wolbrom	I	2523
428	Anna	Hebda	2	Wroclaw	V	1070
56	Michal	Grzesiak	2	Wroclaw	V	2239
430	Jozefa	Wysocka	2	Wroclaw	II	2497
893	Celina	Mirow	2	Wroclaw	I	2732
356	Aleksander	Chinski	2	Wroclaw	I	3251
339	Mateusz	Bernacki	5	Wroclaw	III	846
1219	Anna	Konieczna	7	Wroclaw	III	992
1047	Danuta	Kowalczyk	10	Wroclaw	V	2844
171	Szymon	Duda	5	Zabrodzie	I	1160
1263	Jan	Kowalewicz	5	Zabrodzie	I	2283
728	Izabella	Bluza	5	Zabrodzie	III	3258
616	Danuta	Telejko	2	Zabrze	IV	996
1002	Zofia	Bartczak	2	Zabrze	II	1551
825	Radoslawa	Poniedzialek	2	Zabrze	V	1720
304	Wojciech	Fujarewicz	2	Zabrze	II	2125
863	Martyn	Wisniewski	2	Zabrze	V	2380
561	Kinga	Matuszyk	3	Zabrze	I	562
1249	Bogdan	Nowakowski	3	Zabrze	I	1290
939	Mieszko	Lewy	3	Zabrze	II	1408
123	Jerzy	Semeniuk	3	Zabrze	I	1482
1560	Bartosz	Pawlik	1	Zakopane	I	2115
139	Aleksander	Rutkowski	2	Zakopane	IV	560
316	Grzegorz	Balon	2	Zakopane	III	917
1524	Ryszard	Lubaszka	2	Zakopane	II	1399
188	Ewelia	Michaliska	2	Zakopane	I	2309
1022	Paulina	Barcik	5	Zakopane	I	821
829	Adam	Krakowski	5	Zakopane	I	2391
1143	Magdalena	Klekowska	5	Zakopane	I	2511
223	Katarzyna	Sokolowska	5	Zakopane	III	2656
1286	Anna	Potocka	8	Zakopane	I	1593
1173	Seweryn	Kubica	8	Zakopane	II	2831
391	Bartosz	Pawlowski	2	Zambrow	I	1150
1158	Patrycja	Borna	5	Zambrow	II	1500
907	Andrzej	Inny	5	Zambrow	I	1525
603	Kinga	Kaszyca	2	Zamosc	I	1299
986	Barbara	Krzeczkowska	2	Zamosc	I	1418
320	Arkadiusz	Maciejewski	2	Zamosc	IV	1879
1269	Monika	Antoszewska	2	Zamosc	I	2847
539	Adam	Gumowski	2	Zamosc	I	3059
419	Lucyna	Arabas	3	Zamosc	I	1000
798	Dorota	Blaszczyk	3	Zamosc	I	1145
1448	Celina	Bednarska	3	Zamosc	I	1264
380	Piotr	Banalow	9	Zamosc	I	1025
80	Artur	Duszczyk	2	Zawiercie	I	715
275	Iwona	Wegier	2	Zawiercie	I	1344
434	Agnieszka	Bartkowiak	2	Zawiercie	I	3034
732	Bronislawa	Michalska	2	Zawiercie	II	3097
1254	Zofia	Gala	3	Zawiercie	II	2861
1153	Zofia	Glapa	5	Zawiercie	I	600
684	Amadeusz	Bartosik	5	Zawiercie	I	607
976	Filip	Harazim	5	Zawiercie	I	883
585	Sara	Koterba	5	Zawiercie	I	1389
1059	Natalia	Kosciuszko	5	Zawiercie	I	1628
54	Klementyna	Bobkowicz	5	Zawiercie	III	3056
211	Bozena	Symanska	9	Zawiercie	III	873
255	Fryderyka	Slowik	2	Zgorzelec	IV	438
617	Michal	Rokosz	2	Zgorzelec	II	751
1350	Piotr	Kisielewicz	3	Zgorzelec	I	3026
862	Dominika	Maslon	4	Zgorzelec	I	1175
705	Dorota	Byra	3	Zielona Gora	I	1233
710	Alicja	Cygan	5	Zielona Gora	I	2578
653	Wiktoria	Gorska	2	Zory	II	391
333	Ewelina	Kocharyan	2	Zory	I	1118
748	Danuta	Bodnar	2	Zory	III	1543
1199	Ewa	Wasiak	2	Zory	I	2653
234	Luiza	Pawlak	3	Zory	II	1904
238	Jadwiga	Grobelny	3	Zory	III	2635
1445	Jan	Witaszczyk	5	Zory	V	973
224	Jerzy	Kielski	5	Zory	I	1258
1106	Marta	Arast	5	Zory	I	1470
314	Grazyna	Gorska	3	Zyrardow	V	1453
573	Zachariasz	Msciwujewski	5	Zyrardow	II	3044
1564	Ziemowit	Szczepanski	1	Zywiec	III	1834
1570	Anna	Dudek	1	Zywiec	II	3196
1077	Waclawa	Henka	2	Zywiec	III	799
1601	Rita	Pieczenczyk	2	Zywiec	II	2229
183	Angelika	Merak	3	Zywiec	II	415
63	Danuta	Bednar	3	Zywiec	I	1933
624	Katarzyna	Oleksy	5	Zywiec	I	2117
164	Jan	Babul	5	Zywiec	I	2720
